label,case,pair,cosine_similarity
voyage-code-3@1024,high/exact-copy,01,1.0000001192092896
voyage-code-3@1024,high/exact-copy,02,1.0
voyage-code-3@1024,high/exact-copy,03,1.0
voyage-code-3@1024,high/exact-copy,04,1.0
voyage-code-3@1024,high/exact-copy,05,1.0
voyage-code-3@1024,high/exact-copy,06,1.0
voyage-code-3@1024,high/exact-copy,07,1.0000001192092896
voyage-code-3@1024,high/exact-copy,08,1.0000001192092896
voyage-code-3@1024,high/exact-copy,09,1.0
voyage-code-3@1024,high/exact-copy,10,1.0
voyage-code-3@1024,high/formatting,01,0.9858725666999817
voyage-code-3@1024,high/formatting,02,0.9852253198623657
voyage-code-3@1024,high/formatting,03,0.9681240916252136
voyage-code-3@1024,high/formatting,04,0.9754591584205627
voyage-code-3@1024,high/formatting,05,0.9904417395591736
voyage-code-3@1024,high/formatting,06,0.9945160746574402
voyage-code-3@1024,high/formatting,07,0.9950399994850159
voyage-code-3@1024,high/formatting,08,0.9864749908447266
voyage-code-3@1024,high/formatting,09,0.9849652647972107
voyage-code-3@1024,high/formatting,10,0.9864510893821716
voyage-code-3@1024,high/lang-similar-syntax,01,0.9536849856376648
voyage-code-3@1024,high/lang-similar-syntax,02,0.9750902056694031
voyage-code-3@1024,high/lang-similar-syntax,03,0.9102703332901001
voyage-code-3@1024,high/lang-similar-syntax,04,0.9106937646865845
voyage-code-3@1024,high/lang-similar-syntax,05,0.9569137692451477
voyage-code-3@1024,high/lang-similar-syntax,06,0.9412227869033813
voyage-code-3@1024,high/lang-similar-syntax,07,0.9182947874069214
voyage-code-3@1024,high/lang-similar-syntax,08,0.9279115796089172
voyage-code-3@1024,high/lang-similar-syntax,09,0.9148314595222473
voyage-code-3@1024,high/lang-similar-syntax,10,0.8821896314620972
voyage-code-3@1024,high/lang-different-syntax,01,0.8637624382972717
voyage-code-3@1024,high/lang-different-syntax,02,0.8700106739997864
voyage-code-3@1024,high/lang-different-syntax,03,0.9313448667526245
voyage-code-3@1024,high/lang-different-syntax,04,0.9218819737434387
voyage-code-3@1024,high/lang-different-syntax,05,0.8833946585655212
voyage-code-3@1024,high/lang-different-syntax,06,0.9293045401573181
voyage-code-3@1024,high/lang-different-syntax,07,0.9235004186630249
voyage-code-3@1024,high/lang-different-syntax,08,0.8502990007400513
voyage-code-3@1024,high/lang-different-syntax,09,0.9430387020111084
voyage-code-3@1024,high/lang-different-syntax,10,0.9496996998786926
voyage-code-3@1024,high/renamed-identifiers,01,0.8962412476539612
voyage-code-3@1024,high/renamed-identifiers,02,0.8879802227020264
voyage-code-3@1024,high/renamed-identifiers,03,0.9537507891654968
voyage-code-3@1024,high/renamed-identifiers,04,0.877209484577179
voyage-code-3@1024,high/renamed-identifiers,05,0.9337118864059448
voyage-code-3@1024,high/renamed-identifiers,06,0.8925437331199646
voyage-code-3@1024,high/renamed-identifiers,07,0.7934026718139648
voyage-code-3@1024,high/renamed-identifiers,08,0.863471508026123
voyage-code-3@1024,high/renamed-identifiers,09,0.925889253616333
voyage-code-3@1024,high/renamed-identifiers,10,0.9631983637809753
voyage-code-3@1024,high/different-literals,01,0.953727126121521
voyage-code-3@1024,high/different-literals,02,0.8991257548332214
voyage-code-3@1024,high/different-literals,03,0.9337766170501709
voyage-code-3@1024,high/different-literals,04,0.9324176907539368
voyage-code-3@1024,high/different-literals,05,0.9580698013305664
voyage-code-3@1024,high/different-literals,06,0.9523292779922485
voyage-code-3@1024,high/different-literals,07,0.9658216238021851
voyage-code-3@1024,high/different-literals,08,0.9739499092102051
voyage-code-3@1024,high/different-literals,09,0.9564681053161621
voyage-code-3@1024,high/different-literals,10,0.8356025218963623
voyage-code-3@1024,high/reordered-statements,01,0.995108962059021
voyage-code-3@1024,high/reordered-statements,02,0.9905436038970947
voyage-code-3@1024,high/reordered-statements,03,0.9957334995269775
voyage-code-3@1024,high/reordered-statements,04,0.9947318434715271
voyage-code-3@1024,high/reordered-statements,05,0.9958716034889221
voyage-code-3@1024,high/reordered-statements,06,0.9974222779273987
voyage-code-3@1024,high/reordered-statements,07,0.99402916431427
voyage-code-3@1024,high/reordered-statements,08,0.9919794201850891
voyage-code-3@1024,high/reordered-statements,09,0.9987092614173889
voyage-code-3@1024,high/reordered-statements,10,0.9908668398857117
voyage-code-3@1024,high/refactored-structure,01,0.9904385805130005
voyage-code-3@1024,high/refactored-structure,02,0.9877294898033142
voyage-code-3@1024,high/refactored-structure,03,0.9853643178939819
voyage-code-3@1024,high/refactored-structure,04,0.9961866736412048
voyage-code-3@1024,high/refactored-structure,05,0.9915510416030884
voyage-code-3@1024,high/refactored-structure,06,0.9962533712387085
voyage-code-3@1024,high/refactored-structure,07,0.9832232594490051
voyage-code-3@1024,high/refactored-structure,08,0.9920595288276672
voyage-code-3@1024,high/refactored-structure,09,0.99105304479599
voyage-code-3@1024,high/refactored-structure,10,0.9887188076972961
voyage-code-3@1024,high/small-addition,01,0.9930210113525391
voyage-code-3@1024,high/small-addition,02,0.995842456817627
voyage-code-3@1024,high/small-addition,03,0.9955089688301086
voyage-code-3@1024,high/small-addition,04,0.9874311685562134
voyage-code-3@1024,high/small-addition,05,0.9582156538963318
voyage-code-3@1024,high/small-addition,06,0.9839205145835876
voyage-code-3@1024,high/small-addition,07,0.9974893927574158
voyage-code-3@1024,high/small-addition,08,0.9978464841842651
voyage-code-3@1024,high/small-addition,09,0.9896346926689148
voyage-code-3@1024,high/small-addition,10,0.987415075302124
voyage-code-3@1024,high/small-additions-large,01,0.9937642812728882
voyage-code-3@1024,high/small-additions-large,02,0.9971150159835815
voyage-code-3@1024,high/small-additions-large,03,0.9967043399810791
voyage-code-3@1024,high/small-additions-large,04,0.9906536340713501
voyage-code-3@1024,high/small-additions-large,05,0.9978036880493164
voyage-code-3@1024,high/small-additions-large,06,0.9887160658836365
voyage-code-3@1024,high/small-additions-large,07,0.9960129261016846
voyage-code-3@1024,high/small-additions-large,08,0.995603621006012
voyage-code-3@1024,high/small-additions-large,09,0.997875988483429
voyage-code-3@1024,high/small-additions-large,10,0.9930459260940552
voyage-code-3@1024,high/different-algorithm,01,0.8388252854347229
voyage-code-3@1024,high/different-algorithm,02,0.85904860496521
voyage-code-3@1024,high/different-algorithm,03,0.8569364547729492
voyage-code-3@1024,high/different-algorithm,04,0.8572368621826172
voyage-code-3@1024,high/different-algorithm,05,0.8887180089950562
voyage-code-3@1024,high/different-algorithm,06,0.8993803858757019
voyage-code-3@1024,high/different-algorithm,07,0.8842846155166626
voyage-code-3@1024,high/different-algorithm,08,0.9066232442855835
voyage-code-3@1024,high/different-algorithm,09,0.9036144614219666
voyage-code-3@1024,high/different-algorithm,10,0.8842490911483765
voyage-code-3@1024,high/transpiled,01,0.972723662853241
voyage-code-3@1024,high/transpiled,02,0.972701370716095
voyage-code-3@1024,high/transpiled,03,0.9232601523399353
voyage-code-3@1024,high/transpiled,04,0.9755018949508667
voyage-code-3@1024,high/transpiled,05,0.9811772704124451
voyage-code-3@1024,high/transpiled,06,0.9599997997283936
voyage-code-3@1024,high/transpiled,07,0.9658322334289551
voyage-code-3@1024,high/transpiled,08,0.9490627646446228
voyage-code-3@1024,high/transpiled,09,0.9619589447975159
voyage-code-3@1024,high/transpiled,10,0.9632814526557922
voyage-code-3@1024,high/code-and-text,01,0.7632988095283508
voyage-code-3@1024,high/code-and-text,02,0.7261671423912048
voyage-code-3@1024,high/code-and-text,03,0.7237175703048706
voyage-code-3@1024,high/code-and-text,04,0.7482514977455139
voyage-code-3@1024,high/code-and-text,05,0.6538577079772949
voyage-code-3@1024,high/code-and-text,06,0.7235866785049438
voyage-code-3@1024,high/code-and-text,07,0.7069786787033081
voyage-code-3@1024,high/code-and-text,08,0.77298903465271
voyage-code-3@1024,high/code-and-text,09,0.694337010383606
voyage-code-3@1024,high/code-and-text,10,0.7003348469734192
voyage-code-3@1024,low/unrelated,01,0.4653956890106201
voyage-code-3@1024,low/unrelated,02,0.46884244680404663
voyage-code-3@1024,low/unrelated,03,0.507423460483551
voyage-code-3@1024,low/unrelated,04,0.4949834644794464
voyage-code-3@1024,low/unrelated,05,0.5724186897277832
voyage-code-3@1024,low/unrelated,06,0.5006596446037292
voyage-code-3@1024,low/unrelated,07,0.47604215145111084
voyage-code-3@1024,low/unrelated,08,0.43133068084716797
voyage-code-3@1024,low/unrelated,09,0.5176235437393188
voyage-code-3@1024,low/unrelated,10,0.5488137006759644
voyage-code-3@1024,low/same-identifiers,01,0.9062830209732056
voyage-code-3@1024,low/same-identifiers,02,0.8374910354614258
voyage-code-3@1024,low/same-identifiers,03,0.7724284529685974
voyage-code-3@1024,low/same-identifiers,04,0.8466894626617432
voyage-code-3@1024,low/same-identifiers,05,0.8835951685905457
voyage-code-3@1024,low/same-identifiers,06,0.873417854309082
voyage-code-3@1024,low/same-identifiers,07,0.8687624931335449
voyage-code-3@1024,low/same-identifiers,08,0.8140863180160522
voyage-code-3@1024,low/same-identifiers,09,0.9033349752426147
voyage-code-3@1024,low/same-identifiers,10,0.8825787901878357
voyage-code-3@1024,low/small-shared-fragment,01,0.5280398726463318
voyage-code-3@1024,low/small-shared-fragment,02,0.6222315430641174
voyage-code-3@1024,low/small-shared-fragment,03,0.6563473343849182
voyage-code-3@1024,low/small-shared-fragment,04,0.5765796899795532
voyage-code-3@1024,low/small-shared-fragment,05,0.6585250496864319
voyage-code-3@1024,low/small-shared-fragment,06,0.6531160473823547
voyage-code-3@1024,low/small-shared-fragment,07,0.510962963104248
voyage-code-3@1024,low/small-shared-fragment,08,0.6821248531341553
voyage-code-3@1024,low/small-shared-fragment,09,0.6531409025192261
voyage-code-3@1024,low/small-shared-fragment,10,0.5858777165412903
voyage-code-3@1024,low/small-shared-fragments-large,01,0.6805554628372192
voyage-code-3@1024,low/small-shared-fragments-large,02,0.5956010222434998
voyage-code-3@1024,low/small-shared-fragments-large,03,0.6501659750938416
voyage-code-3@1024,low/small-shared-fragments-large,04,0.6477898359298706
voyage-code-3@1024,low/small-shared-fragments-large,05,0.6727455854415894
voyage-code-3@1024,low/small-shared-fragments-large,06,0.6167700886726379
voyage-code-3@1024,low/small-shared-fragments-large,07,0.6200255155563354
voyage-code-3@1024,low/small-shared-fragments-large,08,0.6992017030715942
voyage-code-3@1024,low/small-shared-fragments-large,09,0.7082192301750183
voyage-code-3@1024,low/small-shared-fragments-large,10,0.649262547492981
voyage-code-3@1024,low/same-boilerplate,01,0.6485198736190796
voyage-code-3@1024,low/same-boilerplate,02,0.7283387780189514
voyage-code-3@1024,low/same-boilerplate,03,0.796643853187561
voyage-code-3@1024,low/same-boilerplate,04,0.6067686676979065
voyage-code-3@1024,low/same-boilerplate,05,0.6552960872650146
voyage-code-3@1024,low/same-boilerplate,06,0.6370856165885925
voyage-code-3@1024,low/same-boilerplate,07,0.6452018618583679
voyage-code-3@1024,low/same-boilerplate,08,0.7108500599861145
voyage-code-3@1024,low/same-boilerplate,09,0.6110796928405762
voyage-code-3@1024,low/same-boilerplate,10,0.6129947900772095
voyage-code-3@1024,low/code-and-text,01,0.4998321235179901
voyage-code-3@1024,low/code-and-text,02,0.3118286728858948
voyage-code-3@1024,low/code-and-text,03,0.45264962315559387
voyage-code-3@1024,low/code-and-text,04,0.43138670921325684
voyage-code-3@1024,low/code-and-text,05,0.38189706206321716
voyage-code-3@1024,low/code-and-text,06,0.4720773696899414
voyage-code-3@1024,low/code-and-text,07,0.4271489083766937
voyage-code-3@1024,low/code-and-text,08,0.4501573443412781
voyage-code-3@1024,low/code-and-text,09,0.34873881936073303
voyage-code-3@1024,low/code-and-text,10,0.28615447878837585
voyage-4-large@1024,high/exact-copy,01,1.0
voyage-4-large@1024,high/exact-copy,02,1.0000001192092896
voyage-4-large@1024,high/exact-copy,03,1.0
voyage-4-large@1024,high/exact-copy,04,1.0000001192092896
voyage-4-large@1024,high/exact-copy,05,1.0
voyage-4-large@1024,high/exact-copy,06,1.0000001192092896
voyage-4-large@1024,high/exact-copy,07,1.0000001192092896
voyage-4-large@1024,high/exact-copy,08,0.9999999403953552
voyage-4-large@1024,high/exact-copy,09,1.0
voyage-4-large@1024,high/exact-copy,10,1.0
voyage-4-large@1024,high/formatting,01,0.9763662815093994
voyage-4-large@1024,high/formatting,02,0.9554242491722107
voyage-4-large@1024,high/formatting,03,0.9149181246757507
voyage-4-large@1024,high/formatting,04,0.9063159823417664
voyage-4-large@1024,high/formatting,05,0.9428871870040894
voyage-4-large@1024,high/formatting,06,0.9792494773864746
voyage-4-large@1024,high/formatting,07,0.9881514310836792
voyage-4-large@1024,high/formatting,08,0.9484219551086426
voyage-4-large@1024,high/formatting,09,0.957150936126709
voyage-4-large@1024,high/formatting,10,0.9727649092674255
voyage-4-large@1024,high/lang-similar-syntax,01,0.905536949634552
voyage-4-large@1024,high/lang-similar-syntax,02,0.9757440686225891
voyage-4-large@1024,high/lang-similar-syntax,03,0.880126416683197
voyage-4-large@1024,high/lang-similar-syntax,04,0.839005708694458
voyage-4-large@1024,high/lang-similar-syntax,05,0.934873104095459
voyage-4-large@1024,high/lang-similar-syntax,06,0.8770601749420166
voyage-4-large@1024,high/lang-similar-syntax,07,0.9069474935531616
voyage-4-large@1024,high/lang-similar-syntax,08,0.8726488351821899
voyage-4-large@1024,high/lang-similar-syntax,09,0.8730940222740173
voyage-4-large@1024,high/lang-similar-syntax,10,0.8112367391586304
voyage-4-large@1024,high/lang-different-syntax,01,0.7504574656486511
voyage-4-large@1024,high/lang-different-syntax,02,0.8037135004997253
voyage-4-large@1024,high/lang-different-syntax,03,0.8896626830101013
voyage-4-large@1024,high/lang-different-syntax,04,0.8897820711135864
voyage-4-large@1024,high/lang-different-syntax,05,0.7545514702796936
voyage-4-large@1024,high/lang-different-syntax,06,0.8458835482597351
voyage-4-large@1024,high/lang-different-syntax,07,0.8947852849960327
voyage-4-large@1024,high/lang-different-syntax,08,0.7870506048202515
voyage-4-large@1024,high/lang-different-syntax,09,0.9293829202651978
voyage-4-large@1024,high/lang-different-syntax,10,0.9556851983070374
voyage-4-large@1024,high/renamed-identifiers,01,0.8875346779823303
voyage-4-large@1024,high/renamed-identifiers,02,0.8308433294296265
voyage-4-large@1024,high/renamed-identifiers,03,0.926003098487854
voyage-4-large@1024,high/renamed-identifiers,04,0.7982655167579651
voyage-4-large@1024,high/renamed-identifiers,05,0.8584021329879761
voyage-4-large@1024,high/renamed-identifiers,06,0.798640787601471
voyage-4-large@1024,high/renamed-identifiers,07,0.7608734965324402
voyage-4-large@1024,high/renamed-identifiers,08,0.7902162075042725
voyage-4-large@1024,high/renamed-identifiers,09,0.8288496136665344
voyage-4-large@1024,high/renamed-identifiers,10,0.8867591023445129
voyage-4-large@1024,high/different-literals,01,0.8944894075393677
voyage-4-large@1024,high/different-literals,02,0.8074698448181152
voyage-4-large@1024,high/different-literals,03,0.8628538250923157
voyage-4-large@1024,high/different-literals,04,0.9106486439704895
voyage-4-large@1024,high/different-literals,05,0.9092527627944946
voyage-4-large@1024,high/different-literals,06,0.8560702204704285
voyage-4-large@1024,high/different-literals,07,0.8561840653419495
voyage-4-large@1024,high/different-literals,08,0.9000028967857361
voyage-4-large@1024,high/different-literals,09,0.8721736669540405
voyage-4-large@1024,high/different-literals,10,0.7877294421195984
voyage-4-large@1024,high/reordered-statements,01,0.9947323799133301
voyage-4-large@1024,high/reordered-statements,02,0.9801241159439087
voyage-4-large@1024,high/reordered-statements,03,0.9917364120483398
voyage-4-large@1024,high/reordered-statements,04,0.9910683035850525
voyage-4-large@1024,high/reordered-statements,05,0.9851433634757996
voyage-4-large@1024,high/reordered-statements,06,0.9923835396766663
voyage-4-large@1024,high/reordered-statements,07,0.9834065437316895
voyage-4-large@1024,high/reordered-statements,08,0.9842318892478943
voyage-4-large@1024,high/reordered-statements,09,0.9966031312942505
voyage-4-large@1024,high/reordered-statements,10,0.9857966303825378
voyage-4-large@1024,high/refactored-structure,01,0.9920559525489807
voyage-4-large@1024,high/refactored-structure,02,0.9846544861793518
voyage-4-large@1024,high/refactored-structure,03,0.9702734351158142
voyage-4-large@1024,high/refactored-structure,04,0.9939317107200623
voyage-4-large@1024,high/refactored-structure,05,0.989985466003418
voyage-4-large@1024,high/refactored-structure,06,0.9956883788108826
voyage-4-large@1024,high/refactored-structure,07,0.9452978372573853
voyage-4-large@1024,high/refactored-structure,08,0.9749284386634827
voyage-4-large@1024,high/refactored-structure,09,0.9890442490577698
voyage-4-large@1024,high/refactored-structure,10,0.9784210324287415
voyage-4-large@1024,high/small-addition,01,0.9925338625907898
voyage-4-large@1024,high/small-addition,02,0.9896349310874939
voyage-4-large@1024,high/small-addition,03,0.9908386468887329
voyage-4-large@1024,high/small-addition,04,0.987159788608551
voyage-4-large@1024,high/small-addition,05,0.9477085471153259
voyage-4-large@1024,high/small-addition,06,0.9767115116119385
voyage-4-large@1024,high/small-addition,07,0.9922372102737427
voyage-4-large@1024,high/small-addition,08,0.9949196577072144
voyage-4-large@1024,high/small-addition,09,0.9797559976577759
voyage-4-large@1024,high/small-addition,10,0.978914737701416
voyage-4-large@1024,high/small-additions-large,01,0.9771890044212341
voyage-4-large@1024,high/small-additions-large,02,0.9949851632118225
voyage-4-large@1024,high/small-additions-large,03,0.991661012172699
voyage-4-large@1024,high/small-additions-large,04,0.9853764772415161
voyage-4-large@1024,high/small-additions-large,05,0.9935263991355896
voyage-4-large@1024,high/small-additions-large,06,0.9870108962059021
voyage-4-large@1024,high/small-additions-large,07,0.9920794367790222
voyage-4-large@1024,high/small-additions-large,08,0.9936056137084961
voyage-4-large@1024,high/small-additions-large,09,0.9947385191917419
voyage-4-large@1024,high/small-additions-large,10,0.9863778948783875
voyage-4-large@1024,high/different-algorithm,01,0.7904669046401978
voyage-4-large@1024,high/different-algorithm,02,0.7555487751960754
voyage-4-large@1024,high/different-algorithm,03,0.7665596008300781
voyage-4-large@1024,high/different-algorithm,04,0.7784845232963562
voyage-4-large@1024,high/different-algorithm,05,0.7996806502342224
voyage-4-large@1024,high/different-algorithm,06,0.8123077750205994
voyage-4-large@1024,high/different-algorithm,07,0.8030006885528564
voyage-4-large@1024,high/different-algorithm,08,0.8368059396743774
voyage-4-large@1024,high/different-algorithm,09,0.8434765338897705
voyage-4-large@1024,high/different-algorithm,10,0.8338679671287537
voyage-4-large@1024,high/transpiled,01,0.9541797041893005
voyage-4-large@1024,high/transpiled,02,0.9551036953926086
voyage-4-large@1024,high/transpiled,03,0.9310473203659058
voyage-4-large@1024,high/transpiled,04,0.9567210674285889
voyage-4-large@1024,high/transpiled,05,0.9686484932899475
voyage-4-large@1024,high/transpiled,06,0.9298216104507446
voyage-4-large@1024,high/transpiled,07,0.9331167936325073
voyage-4-large@1024,high/transpiled,08,0.940693736076355
voyage-4-large@1024,high/transpiled,09,0.9101520776748657
voyage-4-large@1024,high/transpiled,10,0.9394535422325134
voyage-4-large@1024,high/code-and-text,01,0.654922366142273
voyage-4-large@1024,high/code-and-text,02,0.5585035085678101
voyage-4-large@1024,high/code-and-text,03,0.703048050403595
voyage-4-large@1024,high/code-and-text,04,0.6403593420982361
voyage-4-large@1024,high/code-and-text,05,0.5574599504470825
voyage-4-large@1024,high/code-and-text,06,0.5329954624176025
voyage-4-large@1024,high/code-and-text,07,0.6496073007583618
voyage-4-large@1024,high/code-and-text,08,0.7182738184928894
voyage-4-large@1024,high/code-and-text,09,0.5680155158042908
voyage-4-large@1024,high/code-and-text,10,0.5535683035850525
voyage-4-large@1024,low/unrelated,01,0.300232470035553
voyage-4-large@1024,low/unrelated,02,0.32061874866485596
voyage-4-large@1024,low/unrelated,03,0.25870198011398315
voyage-4-large@1024,low/unrelated,04,0.349327027797699
voyage-4-large@1024,low/unrelated,05,0.3258952796459198
voyage-4-large@1024,low/unrelated,06,0.31737393140792847
voyage-4-large@1024,low/unrelated,07,0.22352227568626404
voyage-4-large@1024,low/unrelated,08,0.2232612520456314
voyage-4-large@1024,low/unrelated,09,0.3457692265510559
voyage-4-large@1024,low/unrelated,10,0.2963249385356903
voyage-4-large@1024,low/same-identifiers,01,0.8371164202690125
voyage-4-large@1024,low/same-identifiers,02,0.7052937746047974
voyage-4-large@1024,low/same-identifiers,03,0.6265825629234314
voyage-4-large@1024,low/same-identifiers,04,0.7850807309150696
voyage-4-large@1024,low/same-identifiers,05,0.8520717024803162
voyage-4-large@1024,low/same-identifiers,06,0.7729552388191223
voyage-4-large@1024,low/same-identifiers,07,0.7840474843978882
voyage-4-large@1024,low/same-identifiers,08,0.7002482414245605
voyage-4-large@1024,low/same-identifiers,09,0.8621775507926941
voyage-4-large@1024,low/same-identifiers,10,0.8181633353233337
voyage-4-large@1024,low/small-shared-fragment,01,0.3644300699234009
voyage-4-large@1024,low/small-shared-fragment,02,0.44780051708221436
voyage-4-large@1024,low/small-shared-fragment,03,0.5669170618057251
voyage-4-large@1024,low/small-shared-fragment,04,0.4522355794906616
voyage-4-large@1024,low/small-shared-fragment,05,0.5421310663223267
voyage-4-large@1024,low/small-shared-fragment,06,0.5343580842018127
voyage-4-large@1024,low/small-shared-fragment,07,0.2980928122997284
voyage-4-large@1024,low/small-shared-fragment,08,0.5344178676605225
voyage-4-large@1024,low/small-shared-fragment,09,0.4993419647216797
voyage-4-large@1024,low/small-shared-fragment,10,0.39139798283576965
voyage-4-large@1024,low/small-shared-fragments-large,01,0.5883758068084717
voyage-4-large@1024,low/small-shared-fragments-large,02,0.3579486906528473
voyage-4-large@1024,low/small-shared-fragments-large,03,0.46734240651130676
voyage-4-large@1024,low/small-shared-fragments-large,04,0.4925628900527954
voyage-4-large@1024,low/small-shared-fragments-large,05,0.5371767282485962
voyage-4-large@1024,low/small-shared-fragments-large,06,0.4998842477798462
voyage-4-large@1024,low/small-shared-fragments-large,07,0.4678037464618683
voyage-4-large@1024,low/small-shared-fragments-large,08,0.501475989818573
voyage-4-large@1024,low/small-shared-fragments-large,09,0.645502507686615
voyage-4-large@1024,low/small-shared-fragments-large,10,0.49603527784347534
voyage-4-large@1024,low/same-boilerplate,01,0.5400862097740173
voyage-4-large@1024,low/same-boilerplate,02,0.6494333744049072
voyage-4-large@1024,low/same-boilerplate,03,0.7698124051094055
voyage-4-large@1024,low/same-boilerplate,04,0.5167065858840942
voyage-4-large@1024,low/same-boilerplate,05,0.5846534371376038
voyage-4-large@1024,low/same-boilerplate,06,0.5804572105407715
voyage-4-large@1024,low/same-boilerplate,07,0.4850771129131317
voyage-4-large@1024,low/same-boilerplate,08,0.5814360976219177
voyage-4-large@1024,low/same-boilerplate,09,0.4420963227748871
voyage-4-large@1024,low/same-boilerplate,10,0.4990414083003998
voyage-4-large@1024,low/code-and-text,01,0.24452900886535645
voyage-4-large@1024,low/code-and-text,02,0.04868149757385254
voyage-4-large@1024,low/code-and-text,03,0.13141147792339325
voyage-4-large@1024,low/code-and-text,04,0.326506644487381
voyage-4-large@1024,low/code-and-text,05,0.15768128633499146
voyage-4-large@1024,low/code-and-text,06,0.2707640528678894
voyage-4-large@1024,low/code-and-text,07,0.17632967233657837
voyage-4-large@1024,low/code-and-text,08,0.2646380662918091
voyage-4-large@1024,low/code-and-text,09,0.0895426943898201
voyage-4-large@1024,low/code-and-text,10,-0.0015755571657791734
voyage-4-large@256,high/exact-copy,01,1.0
voyage-4-large@256,high/exact-copy,02,1.0
voyage-4-large@256,high/exact-copy,03,1.0
voyage-4-large@256,high/exact-copy,04,1.0
voyage-4-large@256,high/exact-copy,05,1.0
voyage-4-large@256,high/exact-copy,06,1.0
voyage-4-large@256,high/exact-copy,07,1.0
voyage-4-large@256,high/exact-copy,08,1.0
voyage-4-large@256,high/exact-copy,09,1.0000001192092896
voyage-4-large@256,high/exact-copy,10,1.0000001192092896
voyage-4-large@256,high/formatting,01,0.9754233360290527
voyage-4-large@256,high/formatting,02,0.9504044055938721
voyage-4-large@256,high/formatting,03,0.9158415794372559
voyage-4-large@256,high/formatting,04,0.9254039525985718
voyage-4-large@256,high/formatting,05,0.9351009130477905
voyage-4-large@256,high/formatting,06,0.9828399419784546
voyage-4-large@256,high/formatting,07,0.9869828224182129
voyage-4-large@256,high/formatting,08,0.9583841562271118
voyage-4-large@256,high/formatting,09,0.9569041728973389
voyage-4-large@256,high/formatting,10,0.9732773900032043
voyage-4-large@256,high/lang-similar-syntax,01,0.90547114610672
voyage-4-large@256,high/lang-similar-syntax,02,0.9715442061424255
voyage-4-large@256,high/lang-similar-syntax,03,0.8426766395568848
voyage-4-large@256,high/lang-similar-syntax,04,0.8347273468971252
voyage-4-large@256,high/lang-similar-syntax,05,0.9167606830596924
voyage-4-large@256,high/lang-similar-syntax,06,0.8787255883216858
voyage-4-large@256,high/lang-similar-syntax,07,0.889723002910614
voyage-4-large@256,high/lang-similar-syntax,08,0.8697547316551208
voyage-4-large@256,high/lang-similar-syntax,09,0.8746210932731628
voyage-4-large@256,high/lang-similar-syntax,10,0.7734465003013611
voyage-4-large@256,high/lang-different-syntax,01,0.7603501677513123
voyage-4-large@256,high/lang-different-syntax,02,0.8240371942520142
voyage-4-large@256,high/lang-different-syntax,03,0.9043586254119873
voyage-4-large@256,high/lang-different-syntax,04,0.888126015663147
voyage-4-large@256,high/lang-different-syntax,05,0.7320619225502014
voyage-4-large@256,high/lang-different-syntax,06,0.8520140647888184
voyage-4-large@256,high/lang-different-syntax,07,0.8958618640899658
voyage-4-large@256,high/lang-different-syntax,08,0.7830505967140198
voyage-4-large@256,high/lang-different-syntax,09,0.9212011098861694
voyage-4-large@256,high/lang-different-syntax,10,0.9537245035171509
voyage-4-large@256,high/renamed-identifiers,01,0.8956465721130371
voyage-4-large@256,high/renamed-identifiers,02,0.8357168436050415
voyage-4-large@256,high/renamed-identifiers,03,0.9131234884262085
voyage-4-large@256,high/renamed-identifiers,04,0.7949255108833313
voyage-4-large@256,high/renamed-identifiers,05,0.8506026268005371
voyage-4-large@256,high/renamed-identifiers,06,0.7835347652435303
voyage-4-large@256,high/renamed-identifiers,07,0.7495009899139404
voyage-4-large@256,high/renamed-identifiers,08,0.769575297832489
voyage-4-large@256,high/renamed-identifiers,09,0.8439925909042358
voyage-4-large@256,high/renamed-identifiers,10,0.8762650489807129
voyage-4-large@256,high/different-literals,01,0.8934158086776733
voyage-4-large@256,high/different-literals,02,0.8100248575210571
voyage-4-large@256,high/different-literals,03,0.8555071949958801
voyage-4-large@256,high/different-literals,04,0.9069175720214844
voyage-4-large@256,high/different-literals,05,0.9219931364059448
voyage-4-large@256,high/different-literals,06,0.8538545370101929
voyage-4-large@256,high/different-literals,07,0.8686087727546692
voyage-4-large@256,high/different-literals,08,0.9083867073059082
voyage-4-large@256,high/different-literals,09,0.8894553184509277
voyage-4-large@256,high/different-literals,10,0.7926869988441467
voyage-4-large@256,high/reordered-statements,01,0.9952499270439148
voyage-4-large@256,high/reordered-statements,02,0.9807848334312439
voyage-4-large@256,high/reordered-statements,03,0.9925665259361267
voyage-4-large@256,high/reordered-statements,04,0.9902528524398804
voyage-4-large@256,high/reordered-statements,05,0.9816592931747437
voyage-4-large@256,high/reordered-statements,06,0.9914560317993164
voyage-4-large@256,high/reordered-statements,07,0.9821970462799072
voyage-4-large@256,high/reordered-statements,08,0.9817035794258118
voyage-4-large@256,high/reordered-statements,09,0.9969149827957153
voyage-4-large@256,high/reordered-statements,10,0.9887039065361023
voyage-4-large@256,high/refactored-structure,01,0.9910256862640381
voyage-4-large@256,high/refactored-structure,02,0.9846152663230896
voyage-4-large@256,high/refactored-structure,03,0.9655656814575195
voyage-4-large@256,high/refactored-structure,04,0.9935968518257141
voyage-4-large@256,high/refactored-structure,05,0.9908081889152527
voyage-4-large@256,high/refactored-structure,06,0.9954303503036499
voyage-4-large@256,high/refactored-structure,07,0.9371567964553833
voyage-4-large@256,high/refactored-structure,08,0.9748541116714478
voyage-4-large@256,high/refactored-structure,09,0.9897577166557312
voyage-4-large@256,high/refactored-structure,10,0.9766681790351868
voyage-4-large@256,high/small-addition,01,0.9926721453666687
voyage-4-large@256,high/small-addition,02,0.9890391826629639
voyage-4-large@256,high/small-addition,03,0.9918334484100342
voyage-4-large@256,high/small-addition,04,0.9870420694351196
voyage-4-large@256,high/small-addition,05,0.9458485841751099
voyage-4-large@256,high/small-addition,06,0.978135347366333
voyage-4-large@256,high/small-addition,07,0.9933533072471619
voyage-4-large@256,high/small-addition,08,0.9945453405380249
voyage-4-large@256,high/small-addition,09,0.9820003509521484
voyage-4-large@256,high/small-addition,10,0.9794512391090393
voyage-4-large@256,high/small-additions-large,01,0.9768788814544678
voyage-4-large@256,high/small-additions-large,02,0.994359016418457
voyage-4-large@256,high/small-additions-large,03,0.9904601573944092
voyage-4-large@256,high/small-additions-large,04,0.9849487543106079
voyage-4-large@256,high/small-additions-large,05,0.992605447769165
voyage-4-large@256,high/small-additions-large,06,0.9870926141738892
voyage-4-large@256,high/small-additions-large,07,0.99263596534729
voyage-4-large@256,high/small-additions-large,08,0.9937679767608643
voyage-4-large@256,high/small-additions-large,09,0.9950321912765503
voyage-4-large@256,high/small-additions-large,10,0.9855510592460632
voyage-4-large@256,high/different-algorithm,01,0.7662581205368042
voyage-4-large@256,high/different-algorithm,02,0.7313459515571594
voyage-4-large@256,high/different-algorithm,03,0.7498047351837158
voyage-4-large@256,high/different-algorithm,04,0.807070255279541
voyage-4-large@256,high/different-algorithm,05,0.794447124004364
voyage-4-large@256,high/different-algorithm,06,0.8119352459907532
voyage-4-large@256,high/different-algorithm,07,0.7865229845046997
voyage-4-large@256,high/different-algorithm,08,0.8546581864356995
voyage-4-large@256,high/different-algorithm,09,0.8421041965484619
voyage-4-large@256,high/different-algorithm,10,0.8189443349838257
voyage-4-large@256,high/transpiled,01,0.9526050090789795
voyage-4-large@256,high/transpiled,02,0.950033962726593
voyage-4-large@256,high/transpiled,03,0.9299777746200562
voyage-4-large@256,high/transpiled,04,0.9549781084060669
voyage-4-large@256,high/transpiled,05,0.9688160419464111
voyage-4-large@256,high/transpiled,06,0.9232414364814758
voyage-4-large@256,high/transpiled,07,0.9349973797798157
voyage-4-large@256,high/transpiled,08,0.9378812909126282
voyage-4-large@256,high/transpiled,09,0.9103022813796997
voyage-4-large@256,high/transpiled,10,0.926946759223938
voyage-4-large@256,high/code-and-text,01,0.6791284680366516
voyage-4-large@256,high/code-and-text,02,0.5351988673210144
voyage-4-large@256,high/code-and-text,03,0.6974839568138123
voyage-4-large@256,high/code-and-text,04,0.5973367094993591
voyage-4-large@256,high/code-and-text,05,0.5697076916694641
voyage-4-large@256,high/code-and-text,06,0.49854397773742676
voyage-4-large@256,high/code-and-text,07,0.6526045799255371
voyage-4-large@256,high/code-and-text,08,0.7255328297615051
voyage-4-large@256,high/code-and-text,09,0.5922796726226807
voyage-4-large@256,high/code-and-text,10,0.5142675638198853
voyage-4-large@256,low/unrelated,01,0.2646312415599823
voyage-4-large@256,low/unrelated,02,0.34210488200187683
voyage-4-large@256,low/unrelated,03,0.2456834763288498
voyage-4-large@256,low/unrelated,04,0.3556354343891144
voyage-4-large@256,low/unrelated,05,0.2818848192691803
voyage-4-large@256,low/unrelated,06,0.3444858491420746
voyage-4-large@256,low/unrelated,07,0.2099398821592331
voyage-4-large@256,low/unrelated,08,0.23056606948375702
voyage-4-large@256,low/unrelated,09,0.30049842596054077
voyage-4-large@256,low/unrelated,10,0.26112836599349976
voyage-4-large@256,low/same-identifiers,01,0.8450145125389099
voyage-4-large@256,low/same-identifiers,02,0.6673992276191711
voyage-4-large@256,low/same-identifiers,03,0.6284180879592896
voyage-4-large@256,low/same-identifiers,04,0.7857553958892822
voyage-4-large@256,low/same-identifiers,05,0.8436388969421387
voyage-4-large@256,low/same-identifiers,06,0.7788669466972351
voyage-4-large@256,low/same-identifiers,07,0.7240408062934875
voyage-4-large@256,low/same-identifiers,08,0.7267867922782898
voyage-4-large@256,low/same-identifiers,09,0.8968644738197327
voyage-4-large@256,low/same-identifiers,10,0.8015788197517395
voyage-4-large@256,low/small-shared-fragment,01,0.38654959201812744
voyage-4-large@256,low/small-shared-fragment,02,0.5319209098815918
voyage-4-large@256,low/small-shared-fragment,03,0.4794207811355591
voyage-4-large@256,low/small-shared-fragment,04,0.4858604669570923
voyage-4-large@256,low/small-shared-fragment,05,0.507071316242218
voyage-4-large@256,low/small-shared-fragment,06,0.5552954077720642
voyage-4-large@256,low/small-shared-fragment,07,0.32489511370658875
voyage-4-large@256,low/small-shared-fragment,08,0.509250819683075
voyage-4-large@256,low/small-shared-fragment,09,0.4856121838092804
voyage-4-large@256,low/small-shared-fragment,10,0.38604477047920227
voyage-4-large@256,low/small-shared-fragments-large,01,0.6191559433937073
voyage-4-large@256,low/small-shared-fragments-large,02,0.34961315989494324
voyage-4-large@256,low/small-shared-fragments-large,03,0.3873346149921417
voyage-4-large@256,low/small-shared-fragments-large,04,0.4739745557308197
voyage-4-large@256,low/small-shared-fragments-large,05,0.5109320282936096
voyage-4-large@256,low/small-shared-fragments-large,06,0.5236715078353882
voyage-4-large@256,low/small-shared-fragments-large,07,0.5004821419715881
voyage-4-large@256,low/small-shared-fragments-large,08,0.49065637588500977
voyage-4-large@256,low/small-shared-fragments-large,09,0.6502130031585693
voyage-4-large@256,low/small-shared-fragments-large,10,0.542976975440979
voyage-4-large@256,low/same-boilerplate,01,0.53560471534729
voyage-4-large@256,low/same-boilerplate,02,0.659999430179596
voyage-4-large@256,low/same-boilerplate,03,0.8078893423080444
voyage-4-large@256,low/same-boilerplate,04,0.4624241888523102
voyage-4-large@256,low/same-boilerplate,05,0.5033749938011169
voyage-4-large@256,low/same-boilerplate,06,0.5306775569915771
voyage-4-large@256,low/same-boilerplate,07,0.35343825817108154
voyage-4-large@256,low/same-boilerplate,08,0.5357954502105713
voyage-4-large@256,low/same-boilerplate,09,0.4607605040073395
voyage-4-large@256,low/same-boilerplate,10,0.47417449951171875
voyage-4-large@256,low/code-and-text,01,0.30157968401908875
voyage-4-large@256,low/code-and-text,02,0.08504436910152435
voyage-4-large@256,low/code-and-text,03,0.19007393717765808
voyage-4-large@256,low/code-and-text,04,0.2826198637485504
voyage-4-large@256,low/code-and-text,05,0.20636598765850067
voyage-4-large@256,low/code-and-text,06,0.22439712285995483
voyage-4-large@256,low/code-and-text,07,0.16771560907363892
voyage-4-large@256,low/code-and-text,08,0.278077632188797
voyage-4-large@256,low/code-and-text,09,0.04620780423283577
voyage-4-large@256,low/code-and-text,10,-0.049032822251319885
voyage-4-lite@1024,high/exact-copy,01,1.0000001192092896
voyage-4-lite@1024,high/exact-copy,02,1.0
voyage-4-lite@1024,high/exact-copy,03,1.0000001192092896
voyage-4-lite@1024,high/exact-copy,04,0.9999999403953552
voyage-4-lite@1024,high/exact-copy,05,1.0
voyage-4-lite@1024,high/exact-copy,06,1.000000238418579
voyage-4-lite@1024,high/exact-copy,07,1.0
voyage-4-lite@1024,high/exact-copy,08,1.0
voyage-4-lite@1024,high/exact-copy,09,1.0000001192092896
voyage-4-lite@1024,high/exact-copy,10,1.0000001192092896
voyage-4-lite@1024,high/formatting,01,0.9925738573074341
voyage-4-lite@1024,high/formatting,02,0.9734013080596924
voyage-4-lite@1024,high/formatting,03,0.9316221475601196
voyage-4-lite@1024,high/formatting,04,0.9564538598060608
voyage-4-lite@1024,high/formatting,05,0.9881324768066406
voyage-4-lite@1024,high/formatting,06,0.9932159781455994
voyage-4-lite@1024,high/formatting,07,0.9954958558082581
voyage-4-lite@1024,high/formatting,08,0.9828135371208191
voyage-4-lite@1024,high/formatting,09,0.9700866341590881
voyage-4-lite@1024,high/formatting,10,0.992311418056488
voyage-4-lite@1024,high/lang-similar-syntax,01,0.9272401332855225
voyage-4-lite@1024,high/lang-similar-syntax,02,0.9849367737770081
voyage-4-lite@1024,high/lang-similar-syntax,03,0.8981272578239441
voyage-4-lite@1024,high/lang-similar-syntax,04,0.885860800743103
voyage-4-lite@1024,high/lang-similar-syntax,05,0.9541646838188171
voyage-4-lite@1024,high/lang-similar-syntax,06,0.924285888671875
voyage-4-lite@1024,high/lang-similar-syntax,07,0.9163818359375
voyage-4-lite@1024,high/lang-similar-syntax,08,0.8932542204856873
voyage-4-lite@1024,high/lang-similar-syntax,09,0.9090355634689331
voyage-4-lite@1024,high/lang-similar-syntax,10,0.8259602785110474
voyage-4-lite@1024,high/lang-different-syntax,01,0.6850823163986206
voyage-4-lite@1024,high/lang-different-syntax,02,0.7987381219863892
voyage-4-lite@1024,high/lang-different-syntax,03,0.923364520072937
voyage-4-lite@1024,high/lang-different-syntax,04,0.9063507914543152
voyage-4-lite@1024,high/lang-different-syntax,05,0.7854390740394592
voyage-4-lite@1024,high/lang-different-syntax,06,0.9042832851409912
voyage-4-lite@1024,high/lang-different-syntax,07,0.906934380531311
voyage-4-lite@1024,high/lang-different-syntax,08,0.8454062938690186
voyage-4-lite@1024,high/lang-different-syntax,09,0.9392895102500916
voyage-4-lite@1024,high/lang-different-syntax,10,0.9607892036437988
voyage-4-lite@1024,high/renamed-identifiers,01,0.9175353050231934
voyage-4-lite@1024,high/renamed-identifiers,02,0.8725907802581787
voyage-4-lite@1024,high/renamed-identifiers,03,0.9442458152770996
voyage-4-lite@1024,high/renamed-identifiers,04,0.8368126749992371
voyage-4-lite@1024,high/renamed-identifiers,05,0.8738506436347961
voyage-4-lite@1024,high/renamed-identifiers,06,0.7499263882637024
voyage-4-lite@1024,high/renamed-identifiers,07,0.7379517555236816
voyage-4-lite@1024,high/renamed-identifiers,08,0.8145273327827454
voyage-4-lite@1024,high/renamed-identifiers,09,0.8559914827346802
voyage-4-lite@1024,high/renamed-identifiers,10,0.9354164600372314
voyage-4-lite@1024,high/different-literals,01,0.9302907586097717
voyage-4-lite@1024,high/different-literals,02,0.8907341957092285
voyage-4-lite@1024,high/different-literals,03,0.9294319152832031
voyage-4-lite@1024,high/different-literals,04,0.9280339479446411
voyage-4-lite@1024,high/different-literals,05,0.9454035758972168
voyage-4-lite@1024,high/different-literals,06,0.9257997274398804
voyage-4-lite@1024,high/different-literals,07,0.9231206774711609
voyage-4-lite@1024,high/different-literals,08,0.9597207903862
voyage-4-lite@1024,high/different-literals,09,0.9435454607009888
voyage-4-lite@1024,high/different-literals,10,0.8947474956512451
voyage-4-lite@1024,high/reordered-statements,01,0.9981325268745422
voyage-4-lite@1024,high/reordered-statements,02,0.9866707921028137
voyage-4-lite@1024,high/reordered-statements,03,0.9976122379302979
voyage-4-lite@1024,high/reordered-statements,04,0.995934247970581
voyage-4-lite@1024,high/reordered-statements,05,0.9971023201942444
voyage-4-lite@1024,high/reordered-statements,06,0.9969902634620667
voyage-4-lite@1024,high/reordered-statements,07,0.9910548329353333
voyage-4-lite@1024,high/reordered-statements,08,0.9919643998146057
voyage-4-lite@1024,high/reordered-statements,09,0.9992916584014893
voyage-4-lite@1024,high/reordered-statements,10,0.984990119934082
voyage-4-lite@1024,high/refactored-structure,01,0.9947211146354675
voyage-4-lite@1024,high/refactored-structure,02,0.9896411299705505
voyage-4-lite@1024,high/refactored-structure,03,0.9850022196769714
voyage-4-lite@1024,high/refactored-structure,04,0.9976166486740112
voyage-4-lite@1024,high/refactored-structure,05,0.9925926923751831
voyage-4-lite@1024,high/refactored-structure,06,0.9972034692764282
voyage-4-lite@1024,high/refactored-structure,07,0.944812536239624
voyage-4-lite@1024,high/refactored-structure,08,0.9866327047348022
voyage-4-lite@1024,high/refactored-structure,09,0.9895529747009277
voyage-4-lite@1024,high/refactored-structure,10,0.9847144484519958
voyage-4-lite@1024,high/small-addition,01,0.9942272305488586
voyage-4-lite@1024,high/small-addition,02,0.994189977645874
voyage-4-lite@1024,high/small-addition,03,0.9958931803703308
voyage-4-lite@1024,high/small-addition,04,0.9928372502326965
voyage-4-lite@1024,high/small-addition,05,0.9595383405685425
voyage-4-lite@1024,high/small-addition,06,0.9637649059295654
voyage-4-lite@1024,high/small-addition,07,0.9966055154800415
voyage-4-lite@1024,high/small-addition,08,0.9981225728988647
voyage-4-lite@1024,high/small-addition,09,0.9893750548362732
voyage-4-lite@1024,high/small-addition,10,0.9866700172424316
voyage-4-lite@1024,high/small-additions-large,01,0.9903808832168579
voyage-4-lite@1024,high/small-additions-large,02,0.997894823551178
voyage-4-lite@1024,high/small-additions-large,03,0.9952554702758789
voyage-4-lite@1024,high/small-additions-large,04,0.9955147504806519
voyage-4-lite@1024,high/small-additions-large,05,0.9980484247207642
voyage-4-lite@1024,high/small-additions-large,06,0.9928029179573059
voyage-4-lite@1024,high/small-additions-large,07,0.9944188594818115
voyage-4-lite@1024,high/small-additions-large,08,0.9964907169342041
voyage-4-lite@1024,high/small-additions-large,09,0.9973276853561401
voyage-4-lite@1024,high/small-additions-large,10,0.992070198059082
voyage-4-lite@1024,high/different-algorithm,01,0.7262688279151917
voyage-4-lite@1024,high/different-algorithm,02,0.699359118938446
voyage-4-lite@1024,high/different-algorithm,03,0.7217932343482971
voyage-4-lite@1024,high/different-algorithm,04,0.726216733455658
voyage-4-lite@1024,high/different-algorithm,05,0.813347578048706
voyage-4-lite@1024,high/different-algorithm,06,0.7411874532699585
voyage-4-lite@1024,high/different-algorithm,07,0.7370570302009583
voyage-4-lite@1024,high/different-algorithm,08,0.7087531685829163
voyage-4-lite@1024,high/different-algorithm,09,0.7896676063537598
voyage-4-lite@1024,high/different-algorithm,10,0.7776605486869812
voyage-4-lite@1024,high/transpiled,01,0.9712644815444946
voyage-4-lite@1024,high/transpiled,02,0.9590438008308411
voyage-4-lite@1024,high/transpiled,03,0.9511610865592957
voyage-4-lite@1024,high/transpiled,04,0.9703442454338074
voyage-4-lite@1024,high/transpiled,05,0.9762166142463684
voyage-4-lite@1024,high/transpiled,06,0.9554615616798401
voyage-4-lite@1024,high/transpiled,07,0.9650247693061829
voyage-4-lite@1024,high/transpiled,08,0.9405532479286194
voyage-4-lite@1024,high/transpiled,09,0.938961923122406
voyage-4-lite@1024,high/transpiled,10,0.9554122686386108
voyage-4-lite@1024,high/code-and-text,01,0.7021841406822205
voyage-4-lite@1024,high/code-and-text,02,0.6494966149330139
voyage-4-lite@1024,high/code-and-text,03,0.5690685510635376
voyage-4-lite@1024,high/code-and-text,04,0.6505154371261597
voyage-4-lite@1024,high/code-and-text,05,0.6085111498832703
voyage-4-lite@1024,high/code-and-text,06,0.5698018670082092
voyage-4-lite@1024,high/code-and-text,07,0.6081106066703796
voyage-4-lite@1024,high/code-and-text,08,0.7321717739105225
voyage-4-lite@1024,high/code-and-text,09,0.5978161096572876
voyage-4-lite@1024,high/code-and-text,10,0.613694429397583
voyage-4-lite@1024,low/unrelated,01,0.41035526990890503
voyage-4-lite@1024,low/unrelated,02,0.4004005491733551
voyage-4-lite@1024,low/unrelated,03,0.3022744357585907
voyage-4-lite@1024,low/unrelated,04,0.3813627362251282
voyage-4-lite@1024,low/unrelated,05,0.3439842164516449
voyage-4-lite@1024,low/unrelated,06,0.3453575670719147
voyage-4-lite@1024,low/unrelated,07,0.2450663149356842
voyage-4-lite@1024,low/unrelated,08,0.23700949549674988
voyage-4-lite@1024,low/unrelated,09,0.3666152358055115
voyage-4-lite@1024,low/unrelated,10,0.301965594291687
voyage-4-lite@1024,low/same-identifiers,01,0.9047205448150635
voyage-4-lite@1024,low/same-identifiers,02,0.7898818850517273
voyage-4-lite@1024,low/same-identifiers,03,0.6835492849349976
voyage-4-lite@1024,low/same-identifiers,04,0.862281858921051
voyage-4-lite@1024,low/same-identifiers,05,0.8826351761817932
voyage-4-lite@1024,low/same-identifiers,06,0.824105441570282
voyage-4-lite@1024,low/same-identifiers,07,0.8028604388237
voyage-4-lite@1024,low/same-identifiers,08,0.8340920209884644
voyage-4-lite@1024,low/same-identifiers,09,0.9077743887901306
voyage-4-lite@1024,low/same-identifiers,10,0.8986183404922485
voyage-4-lite@1024,low/small-shared-fragment,01,0.3796336054801941
voyage-4-lite@1024,low/small-shared-fragment,02,0.4931451082229614
voyage-4-lite@1024,low/small-shared-fragment,03,0.6094669103622437
voyage-4-lite@1024,low/small-shared-fragment,04,0.37545403838157654
voyage-4-lite@1024,low/small-shared-fragment,05,0.5512789487838745
voyage-4-lite@1024,low/small-shared-fragment,06,0.5395394563674927
voyage-4-lite@1024,low/small-shared-fragment,07,0.347005695104599
voyage-4-lite@1024,low/small-shared-fragment,08,0.6061641573905945
voyage-4-lite@1024,low/small-shared-fragment,09,0.5501006841659546
voyage-4-lite@1024,low/small-shared-fragment,10,0.4261988401412964
voyage-4-lite@1024,low/small-shared-fragments-large,01,0.6066680550575256
voyage-4-lite@1024,low/small-shared-fragments-large,02,0.41885241866111755
voyage-4-lite@1024,low/small-shared-fragments-large,03,0.492013543844223
voyage-4-lite@1024,low/small-shared-fragments-large,04,0.4602711796760559
voyage-4-lite@1024,low/small-shared-fragments-large,05,0.573813796043396
voyage-4-lite@1024,low/small-shared-fragments-large,06,0.4708344638347626
voyage-4-lite@1024,low/small-shared-fragments-large,07,0.5032881498336792
voyage-4-lite@1024,low/small-shared-fragments-large,08,0.5039553046226501
voyage-4-lite@1024,low/small-shared-fragments-large,09,0.6550868153572083
voyage-4-lite@1024,low/small-shared-fragments-large,10,0.6020293831825256
voyage-4-lite@1024,low/same-boilerplate,01,0.5426906943321228
voyage-4-lite@1024,low/same-boilerplate,02,0.6154443025588989
voyage-4-lite@1024,low/same-boilerplate,03,0.7263706922531128
voyage-4-lite@1024,low/same-boilerplate,04,0.574826180934906
voyage-4-lite@1024,low/same-boilerplate,05,0.5940503478050232
voyage-4-lite@1024,low/same-boilerplate,06,0.5607931613922119
voyage-4-lite@1024,low/same-boilerplate,07,0.5002081394195557
voyage-4-lite@1024,low/same-boilerplate,08,0.5862007141113281
voyage-4-lite@1024,low/same-boilerplate,09,0.44051608443260193
voyage-4-lite@1024,low/same-boilerplate,10,0.4802139401435852
voyage-4-lite@1024,low/code-and-text,01,0.3389187157154083
voyage-4-lite@1024,low/code-and-text,02,0.1575414091348648
voyage-4-lite@1024,low/code-and-text,03,0.22171719372272491
voyage-4-lite@1024,low/code-and-text,04,0.29270467162132263
voyage-4-lite@1024,low/code-and-text,05,0.22108082473278046
voyage-4-lite@1024,low/code-and-text,06,0.3291276693344116
voyage-4-lite@1024,low/code-and-text,07,0.2145395576953888
voyage-4-lite@1024,low/code-and-text,08,0.33379390835762024
voyage-4-lite@1024,low/code-and-text,09,0.17992018163204193
voyage-4-lite@1024,low/code-and-text,10,0.07962816953659058
voyage-3-large@1024,high/exact-copy,01,1.0
voyage-3-large@1024,high/exact-copy,02,1.0
voyage-3-large@1024,high/exact-copy,03,1.0
voyage-3-large@1024,high/exact-copy,04,1.0
voyage-3-large@1024,high/exact-copy,05,1.0
voyage-3-large@1024,high/exact-copy,06,1.0
voyage-3-large@1024,high/exact-copy,07,1.0
voyage-3-large@1024,high/exact-copy,08,1.0000001192092896
voyage-3-large@1024,high/exact-copy,09,0.9999775886535645
voyage-3-large@1024,high/exact-copy,10,1.0
voyage-3-large@1024,high/formatting,01,0.9848728179931641
voyage-3-large@1024,high/formatting,02,0.9653071165084839
voyage-3-large@1024,high/formatting,03,0.9593902230262756
voyage-3-large@1024,high/formatting,04,0.9770073890686035
voyage-3-large@1024,high/formatting,05,0.9871547222137451
voyage-3-large@1024,high/formatting,06,0.9892944097518921
voyage-3-large@1024,high/formatting,07,0.9866535663604736
voyage-3-large@1024,high/formatting,08,0.978950560092926
voyage-3-large@1024,high/formatting,09,0.9749952554702759
voyage-3-large@1024,high/formatting,10,0.9854286313056946
voyage-3-large@1024,high/lang-similar-syntax,01,0.9370070099830627
voyage-3-large@1024,high/lang-similar-syntax,02,0.9888795614242554
voyage-3-large@1024,high/lang-similar-syntax,03,0.9005938172340393
voyage-3-large@1024,high/lang-similar-syntax,04,0.9063479900360107
voyage-3-large@1024,high/lang-similar-syntax,05,0.9504885077476501
voyage-3-large@1024,high/lang-similar-syntax,06,0.9256401658058167
voyage-3-large@1024,high/lang-similar-syntax,07,0.9000588059425354
voyage-3-large@1024,high/lang-similar-syntax,08,0.9095951318740845
voyage-3-large@1024,high/lang-similar-syntax,09,0.908480703830719
voyage-3-large@1024,high/lang-similar-syntax,10,0.888293981552124
voyage-3-large@1024,high/lang-different-syntax,01,0.8540902137756348
voyage-3-large@1024,high/lang-different-syntax,02,0.8501495718955994
voyage-3-large@1024,high/lang-different-syntax,03,0.9135883450508118
voyage-3-large@1024,high/lang-different-syntax,04,0.8995410203933716
voyage-3-large@1024,high/lang-different-syntax,05,0.8994156718254089
voyage-3-large@1024,high/lang-different-syntax,06,0.9050709009170532
voyage-3-large@1024,high/lang-different-syntax,07,0.9323466420173645
voyage-3-large@1024,high/lang-different-syntax,08,0.8512014746665955
voyage-3-large@1024,high/lang-different-syntax,09,0.9398485422134399
voyage-3-large@1024,high/lang-different-syntax,10,0.9546537399291992
voyage-3-large@1024,high/renamed-identifiers,01,0.9412958025932312
voyage-3-large@1024,high/renamed-identifiers,02,0.8863399028778076
voyage-3-large@1024,high/renamed-identifiers,03,0.9474428296089172
voyage-3-large@1024,high/renamed-identifiers,04,0.8639334440231323
voyage-3-large@1024,high/renamed-identifiers,05,0.894713282585144
voyage-3-large@1024,high/renamed-identifiers,06,0.8756498694419861
voyage-3-large@1024,high/renamed-identifiers,07,0.8100074529647827
voyage-3-large@1024,high/renamed-identifiers,08,0.851269006729126
voyage-3-large@1024,high/renamed-identifiers,09,0.8836039304733276
voyage-3-large@1024,high/renamed-identifiers,10,0.9221516847610474
voyage-3-large@1024,high/different-literals,01,0.9392458200454712
voyage-3-large@1024,high/different-literals,02,0.9145883321762085
voyage-3-large@1024,high/different-literals,03,0.9594467878341675
voyage-3-large@1024,high/different-literals,04,0.9400414228439331
voyage-3-large@1024,high/different-literals,05,0.9601835012435913
voyage-3-large@1024,high/different-literals,06,0.9165488481521606
voyage-3-large@1024,high/different-literals,07,0.9488259553909302
voyage-3-large@1024,high/different-literals,08,0.9449335336685181
voyage-3-large@1024,high/different-literals,09,0.9096155762672424
voyage-3-large@1024,high/different-literals,10,0.8331480622291565
voyage-3-large@1024,high/reordered-statements,01,0.9965035319328308
voyage-3-large@1024,high/reordered-statements,02,0.9912315607070923
voyage-3-large@1024,high/reordered-statements,03,0.9951522946357727
voyage-3-large@1024,high/reordered-statements,04,0.9963112473487854
voyage-3-large@1024,high/reordered-statements,05,0.9971299767494202
voyage-3-large@1024,high/reordered-statements,06,0.9971659779548645
voyage-3-large@1024,high/reordered-statements,07,0.994295060634613
voyage-3-large@1024,high/reordered-statements,08,0.994830846786499
voyage-3-large@1024,high/reordered-statements,09,0.9985496401786804
voyage-3-large@1024,high/reordered-statements,10,0.9934795498847961
voyage-3-large@1024,high/refactored-structure,01,0.9941258430480957
voyage-3-large@1024,high/refactored-structure,02,0.9932178258895874
voyage-3-large@1024,high/refactored-structure,03,0.9894331693649292
voyage-3-large@1024,high/refactored-structure,04,0.9955354332923889
voyage-3-large@1024,high/refactored-structure,05,0.994223415851593
voyage-3-large@1024,high/refactored-structure,06,0.9969272613525391
voyage-3-large@1024,high/refactored-structure,07,0.9793683290481567
voyage-3-large@1024,high/refactored-structure,08,0.9899271726608276
voyage-3-large@1024,high/refactored-structure,09,0.9889626502990723
voyage-3-large@1024,high/refactored-structure,10,0.9914355874061584
voyage-3-large@1024,high/small-addition,01,0.9967379570007324
voyage-3-large@1024,high/small-addition,02,0.9948843121528625
voyage-3-large@1024,high/small-addition,03,0.9948104619979858
voyage-3-large@1024,high/small-addition,04,0.9895083904266357
voyage-3-large@1024,high/small-addition,05,0.9702803492546082
voyage-3-large@1024,high/small-addition,06,0.9826565384864807
voyage-3-large@1024,high/small-addition,07,0.9977814555168152
voyage-3-large@1024,high/small-addition,08,0.9968798160552979
voyage-3-large@1024,high/small-addition,09,0.9856640696525574
voyage-3-large@1024,high/small-addition,10,0.9860290884971619
voyage-3-large@1024,high/small-additions-large,01,0.9851568341255188
voyage-3-large@1024,high/small-additions-large,02,0.9975904226303101
voyage-3-large@1024,high/small-additions-large,03,0.9974454641342163
voyage-3-large@1024,high/small-additions-large,04,0.9940089583396912
voyage-3-large@1024,high/small-additions-large,05,0.998120903968811
voyage-3-large@1024,high/small-additions-large,06,0.9922568798065186
voyage-3-large@1024,high/small-additions-large,07,0.9960694909095764
voyage-3-large@1024,high/small-additions-large,08,0.99772047996521
voyage-3-large@1024,high/small-additions-large,09,0.9983397722244263
voyage-3-large@1024,high/small-additions-large,10,0.9931612610816956
voyage-3-large@1024,high/different-algorithm,01,0.8248875737190247
voyage-3-large@1024,high/different-algorithm,02,0.823148787021637
voyage-3-large@1024,high/different-algorithm,03,0.8377867937088013
voyage-3-large@1024,high/different-algorithm,04,0.8613261580467224
voyage-3-large@1024,high/different-algorithm,05,0.8891713619232178
voyage-3-large@1024,high/different-algorithm,06,0.8814806342124939
voyage-3-large@1024,high/different-algorithm,07,0.880794882774353
voyage-3-large@1024,high/different-algorithm,08,0.8810244798660278
voyage-3-large@1024,high/different-algorithm,09,0.9091899394989014
voyage-3-large@1024,high/different-algorithm,10,0.8836727142333984
voyage-3-large@1024,high/transpiled,01,0.9497561454772949
voyage-3-large@1024,high/transpiled,02,0.9639298915863037
voyage-3-large@1024,high/transpiled,03,0.9121397733688354
voyage-3-large@1024,high/transpiled,04,0.9562678337097168
voyage-3-large@1024,high/transpiled,05,0.9607036113739014
voyage-3-large@1024,high/transpiled,06,0.9588393568992615
voyage-3-large@1024,high/transpiled,07,0.9650240540504456
voyage-3-large@1024,high/transpiled,08,0.9466722011566162
voyage-3-large@1024,high/transpiled,09,0.9388990998268127
voyage-3-large@1024,high/transpiled,10,0.9638305306434631
voyage-3-large@1024,high/code-and-text,01,0.77532559633255
voyage-3-large@1024,high/code-and-text,02,0.6544796824455261
voyage-3-large@1024,high/code-and-text,03,0.7111753225326538
voyage-3-large@1024,high/code-and-text,04,0.7379148006439209
voyage-3-large@1024,high/code-and-text,05,0.7110992074012756
voyage-3-large@1024,high/code-and-text,06,0.6829293370246887
voyage-3-large@1024,high/code-and-text,07,0.7468164563179016
voyage-3-large@1024,high/code-and-text,08,0.7580368518829346
voyage-3-large@1024,high/code-and-text,09,0.6542147994041443
voyage-3-large@1024,high/code-and-text,10,0.71995609998703
voyage-3-large@1024,low/unrelated,01,0.5091174244880676
voyage-3-large@1024,low/unrelated,02,0.47068631649017334
voyage-3-large@1024,low/unrelated,03,0.5058964490890503
voyage-3-large@1024,low/unrelated,04,0.515062153339386
voyage-3-large@1024,low/unrelated,05,0.4805809557437897
voyage-3-large@1024,low/unrelated,06,0.5460622310638428
voyage-3-large@1024,low/unrelated,07,0.47302770614624023
voyage-3-large@1024,low/unrelated,08,0.47056299448013306
voyage-3-large@1024,low/unrelated,09,0.5534645915031433
voyage-3-large@1024,low/unrelated,10,0.5115724205970764
voyage-3-large@1024,low/same-identifiers,01,0.9253090620040894
voyage-3-large@1024,low/same-identifiers,02,0.8028790950775146
voyage-3-large@1024,low/same-identifiers,03,0.7660127878189087
voyage-3-large@1024,low/same-identifiers,04,0.8577440977096558
voyage-3-large@1024,low/same-identifiers,05,0.8987699747085571
voyage-3-large@1024,low/same-identifiers,06,0.8915379047393799
voyage-3-large@1024,low/same-identifiers,07,0.8497004508972168
voyage-3-large@1024,low/same-identifiers,08,0.8347021341323853
voyage-3-large@1024,low/same-identifiers,09,0.9049983620643616
voyage-3-large@1024,low/same-identifiers,10,0.8793674111366272
voyage-3-large@1024,low/small-shared-fragment,01,0.530881404876709
voyage-3-large@1024,low/small-shared-fragment,02,0.6007171273231506
voyage-3-large@1024,low/small-shared-fragment,03,0.6613293290138245
voyage-3-large@1024,low/small-shared-fragment,04,0.5904879570007324
voyage-3-large@1024,low/small-shared-fragment,05,0.6390178799629211
voyage-3-large@1024,low/small-shared-fragment,06,0.6480436325073242
voyage-3-large@1024,low/small-shared-fragment,07,0.5245742797851562
voyage-3-large@1024,low/small-shared-fragment,08,0.6885114908218384
voyage-3-large@1024,low/small-shared-fragment,09,0.6716110706329346
voyage-3-large@1024,low/small-shared-fragment,10,0.6324249505996704
voyage-3-large@1024,low/small-shared-fragments-large,01,0.7110580801963806
voyage-3-large@1024,low/small-shared-fragments-large,02,0.6305996179580688
voyage-3-large@1024,low/small-shared-fragments-large,03,0.6609556674957275
voyage-3-large@1024,low/small-shared-fragments-large,04,0.7048465013504028
voyage-3-large@1024,low/small-shared-fragments-large,05,0.6862455606460571
voyage-3-large@1024,low/small-shared-fragments-large,06,0.6206656694412231
voyage-3-large@1024,low/small-shared-fragments-large,07,0.6518403887748718
voyage-3-large@1024,low/small-shared-fragments-large,08,0.6891124844551086
voyage-3-large@1024,low/small-shared-fragments-large,09,0.727145791053772
voyage-3-large@1024,low/small-shared-fragments-large,10,0.658983051776886
voyage-3-large@1024,low/same-boilerplate,01,0.6235536932945251
voyage-3-large@1024,low/same-boilerplate,02,0.6857587695121765
voyage-3-large@1024,low/same-boilerplate,03,0.8142819404602051
voyage-3-large@1024,low/same-boilerplate,04,0.620123565196991
voyage-3-large@1024,low/same-boilerplate,05,0.6674699783325195
voyage-3-large@1024,low/same-boilerplate,06,0.6458634734153748
voyage-3-large@1024,low/same-boilerplate,07,0.6800627708435059
voyage-3-large@1024,low/same-boilerplate,08,0.7168102860450745
voyage-3-large@1024,low/same-boilerplate,09,0.5907997488975525
voyage-3-large@1024,low/same-boilerplate,10,0.6004576086997986
voyage-3-large@1024,low/code-and-text,01,0.500811755657196
voyage-3-large@1024,low/code-and-text,02,0.31025269627571106
voyage-3-large@1024,low/code-and-text,03,0.43032023310661316
voyage-3-large@1024,low/code-and-text,04,0.48862749338150024
voyage-3-large@1024,low/code-and-text,05,0.42642736434936523
voyage-3-large@1024,low/code-and-text,06,0.4425387680530548
voyage-3-large@1024,low/code-and-text,07,0.45303380489349365
voyage-3-large@1024,low/code-and-text,08,0.46398282051086426
voyage-3-large@1024,low/code-and-text,09,0.3870846629142761
voyage-3-large@1024,low/code-and-text,10,0.291787713766098
text-embedding-3-large@3072,high/exact-copy,01,1.0
text-embedding-3-large@3072,high/exact-copy,02,0.9999995827674866
text-embedding-3-large@3072,high/exact-copy,03,1.0
text-embedding-3-large@3072,high/exact-copy,04,1.0
text-embedding-3-large@3072,high/exact-copy,05,1.0000001192092896
text-embedding-3-large@3072,high/exact-copy,06,1.0
text-embedding-3-large@3072,high/exact-copy,07,1.0
text-embedding-3-large@3072,high/exact-copy,08,0.9999994039535522
text-embedding-3-large@3072,high/exact-copy,09,1.0
text-embedding-3-large@3072,high/exact-copy,10,0.9999977946281433
text-embedding-3-large@3072,high/formatting,01,0.992184579372406
text-embedding-3-large@3072,high/formatting,02,0.9912959933280945
text-embedding-3-large@3072,high/formatting,03,0.9819885492324829
text-embedding-3-large@3072,high/formatting,04,0.9875189661979675
text-embedding-3-large@3072,high/formatting,05,0.9872217774391174
text-embedding-3-large@3072,high/formatting,06,0.9908396005630493
text-embedding-3-large@3072,high/formatting,07,0.9936571717262268
text-embedding-3-large@3072,high/formatting,08,0.9874472618103027
text-embedding-3-large@3072,high/formatting,09,0.9878996014595032
text-embedding-3-large@3072,high/formatting,10,0.9725381731987
text-embedding-3-large@3072,high/lang-similar-syntax,01,0.8644283413887024
text-embedding-3-large@3072,high/lang-similar-syntax,02,0.914953351020813
text-embedding-3-large@3072,high/lang-similar-syntax,03,0.7808703184127808
text-embedding-3-large@3072,high/lang-similar-syntax,04,0.7509735822677612
text-embedding-3-large@3072,high/lang-similar-syntax,05,0.8640543818473816
text-embedding-3-large@3072,high/lang-similar-syntax,06,0.8031848073005676
text-embedding-3-large@3072,high/lang-similar-syntax,07,0.7824586629867554
text-embedding-3-large@3072,high/lang-similar-syntax,08,0.7732197046279907
text-embedding-3-large@3072,high/lang-similar-syntax,09,0.8039466142654419
text-embedding-3-large@3072,high/lang-similar-syntax,10,0.6737033128738403
text-embedding-3-large@3072,high/lang-different-syntax,01,0.5772020220756531
text-embedding-3-large@3072,high/lang-different-syntax,02,0.6626563668251038
text-embedding-3-large@3072,high/lang-different-syntax,03,0.7214360237121582
text-embedding-3-large@3072,high/lang-different-syntax,04,0.7530268430709839
text-embedding-3-large@3072,high/lang-different-syntax,05,0.6156795024871826
text-embedding-3-large@3072,high/lang-different-syntax,06,0.7408037185668945
text-embedding-3-large@3072,high/lang-different-syntax,07,0.6242132782936096
text-embedding-3-large@3072,high/lang-different-syntax,08,0.6730795502662659
text-embedding-3-large@3072,high/lang-different-syntax,09,0.7841171026229858
text-embedding-3-large@3072,high/lang-different-syntax,10,0.7879923582077026
text-embedding-3-large@3072,high/renamed-identifiers,01,0.7088014483451843
text-embedding-3-large@3072,high/renamed-identifiers,02,0.7180598974227905
text-embedding-3-large@3072,high/renamed-identifiers,03,0.7959264516830444
text-embedding-3-large@3072,high/renamed-identifiers,04,0.5805464386940002
text-embedding-3-large@3072,high/renamed-identifiers,05,0.7579364776611328
text-embedding-3-large@3072,high/renamed-identifiers,06,0.588964581489563
text-embedding-3-large@3072,high/renamed-identifiers,07,0.5176016092300415
text-embedding-3-large@3072,high/renamed-identifiers,08,0.6025221943855286
text-embedding-3-large@3072,high/renamed-identifiers,09,0.6694262027740479
text-embedding-3-large@3072,high/renamed-identifiers,10,0.8285282850265503
text-embedding-3-large@3072,high/different-literals,01,0.9038538932800293
text-embedding-3-large@3072,high/different-literals,02,0.8759310245513916
text-embedding-3-large@3072,high/different-literals,03,0.8997099995613098
text-embedding-3-large@3072,high/different-literals,04,0.9309092164039612
text-embedding-3-large@3072,high/different-literals,05,0.9500724077224731
text-embedding-3-large@3072,high/different-literals,06,0.9413861632347107
text-embedding-3-large@3072,high/different-literals,07,0.949598491191864
text-embedding-3-large@3072,high/different-literals,08,0.9797960519790649
text-embedding-3-large@3072,high/different-literals,09,0.8897658586502075
text-embedding-3-large@3072,high/different-literals,10,0.8806827664375305
text-embedding-3-large@3072,high/reordered-statements,01,0.970506489276886
text-embedding-3-large@3072,high/reordered-statements,02,0.9292793869972229
text-embedding-3-large@3072,high/reordered-statements,03,0.943565845489502
text-embedding-3-large@3072,high/reordered-statements,04,0.9796956181526184
text-embedding-3-large@3072,high/reordered-statements,05,0.9774966835975647
text-embedding-3-large@3072,high/reordered-statements,06,0.9893554449081421
text-embedding-3-large@3072,high/reordered-statements,07,0.8957461714744568
text-embedding-3-large@3072,high/reordered-statements,08,0.9498642086982727
text-embedding-3-large@3072,high/reordered-statements,09,0.9867271780967712
text-embedding-3-large@3072,high/reordered-statements,10,0.930296003818512
text-embedding-3-large@3072,high/refactored-structure,01,0.9608227610588074
text-embedding-3-large@3072,high/refactored-structure,02,0.9570964574813843
text-embedding-3-large@3072,high/refactored-structure,03,0.9189662933349609
text-embedding-3-large@3072,high/refactored-structure,04,0.991981565952301
text-embedding-3-large@3072,high/refactored-structure,05,0.973916232585907
text-embedding-3-large@3072,high/refactored-structure,06,0.9889850616455078
text-embedding-3-large@3072,high/refactored-structure,07,0.8805570006370544
text-embedding-3-large@3072,high/refactored-structure,08,0.9464996457099915
text-embedding-3-large@3072,high/refactored-structure,09,0.9784687757492065
text-embedding-3-large@3072,high/refactored-structure,10,0.9755479097366333
text-embedding-3-large@3072,high/small-addition,01,0.9814836978912354
text-embedding-3-large@3072,high/small-addition,02,0.9974402189254761
text-embedding-3-large@3072,high/small-addition,03,0.9913544654846191
text-embedding-3-large@3072,high/small-addition,04,0.97818922996521
text-embedding-3-large@3072,high/small-addition,05,0.9267370700836182
text-embedding-3-large@3072,high/small-addition,06,0.965192437171936
text-embedding-3-large@3072,high/small-addition,07,0.9957321882247925
text-embedding-3-large@3072,high/small-addition,08,0.998500645160675
text-embedding-3-large@3072,high/small-addition,09,0.9813483953475952
text-embedding-3-large@3072,high/small-addition,10,0.9844356775283813
text-embedding-3-large@3072,high/small-additions-large,01,0.993939220905304
text-embedding-3-large@3072,high/small-additions-large,02,0.9971253275871277
text-embedding-3-large@3072,high/small-additions-large,03,0.9912746548652649
text-embedding-3-large@3072,high/small-additions-large,04,0.9931355714797974
text-embedding-3-large@3072,high/small-additions-large,05,0.9984796047210693
text-embedding-3-large@3072,high/small-additions-large,06,0.9914629459381104
text-embedding-3-large@3072,high/small-additions-large,07,0.9956648349761963
text-embedding-3-large@3072,high/small-additions-large,08,0.9976131916046143
text-embedding-3-large@3072,high/small-additions-large,09,0.9985209107398987
text-embedding-3-large@3072,high/small-additions-large,10,0.9906680583953857
text-embedding-3-large@3072,high/different-algorithm,01,0.6017966270446777
text-embedding-3-large@3072,high/different-algorithm,02,0.7391367554664612
text-embedding-3-large@3072,high/different-algorithm,03,0.6608010530471802
text-embedding-3-large@3072,high/different-algorithm,04,0.6041314005851746
text-embedding-3-large@3072,high/different-algorithm,05,0.7691622376441956
text-embedding-3-large@3072,high/different-algorithm,06,0.6574311852455139
text-embedding-3-large@3072,high/different-algorithm,07,0.6469890475273132
text-embedding-3-large@3072,high/different-algorithm,08,0.6648516058921814
text-embedding-3-large@3072,high/different-algorithm,09,0.767200767993927
text-embedding-3-large@3072,high/different-algorithm,10,0.6751042604446411
text-embedding-3-large@3072,high/transpiled,01,0.9163098335266113
text-embedding-3-large@3072,high/transpiled,02,0.9131993055343628
text-embedding-3-large@3072,high/transpiled,03,0.86567622423172
text-embedding-3-large@3072,high/transpiled,04,0.9551242589950562
text-embedding-3-large@3072,high/transpiled,05,0.8832327723503113
text-embedding-3-large@3072,high/transpiled,06,0.9395836591720581
text-embedding-3-large@3072,high/transpiled,07,0.92817622423172
text-embedding-3-large@3072,high/transpiled,08,0.7934606075286865
text-embedding-3-large@3072,high/transpiled,09,0.9123674631118774
text-embedding-3-large@3072,high/transpiled,10,0.858506977558136
text-embedding-3-large@3072,high/code-and-text,01,0.4367985129356384
text-embedding-3-large@3072,high/code-and-text,02,0.34980541467666626
text-embedding-3-large@3072,high/code-and-text,03,0.47279593348503113
text-embedding-3-large@3072,high/code-and-text,04,0.4807303547859192
text-embedding-3-large@3072,high/code-and-text,05,0.4905867278575897
text-embedding-3-large@3072,high/code-and-text,06,0.4222131073474884
text-embedding-3-large@3072,high/code-and-text,07,0.2797723114490509
text-embedding-3-large@3072,high/code-and-text,08,0.39729246497154236
text-embedding-3-large@3072,high/code-and-text,09,0.3064337968826294
text-embedding-3-large@3072,high/code-and-text,10,0.36551040410995483
text-embedding-3-large@3072,low/unrelated,01,0.11883530020713806
text-embedding-3-large@3072,low/unrelated,02,0.35743090510368347
text-embedding-3-large@3072,low/unrelated,03,0.19972781836986542
text-embedding-3-large@3072,low/unrelated,04,0.10483257472515106
text-embedding-3-large@3072,low/unrelated,05,0.25498533248901367
text-embedding-3-large@3072,low/unrelated,06,0.18019938468933105
text-embedding-3-large@3072,low/unrelated,07,0.26507750153541565
text-embedding-3-large@3072,low/unrelated,08,0.2871077060699463
text-embedding-3-large@3072,low/unrelated,09,0.2939113676548004
text-embedding-3-large@3072,low/unrelated,10,0.39467382431030273
text-embedding-3-large@3072,low/same-identifiers,01,0.8920566439628601
text-embedding-3-large@3072,low/same-identifiers,02,0.838933527469635
text-embedding-3-large@3072,low/same-identifiers,03,0.7378785610198975
text-embedding-3-large@3072,low/same-identifiers,04,0.8627122044563293
text-embedding-3-large@3072,low/same-identifiers,05,0.8803442120552063
text-embedding-3-large@3072,low/same-identifiers,06,0.8258109092712402
text-embedding-3-large@3072,low/same-identifiers,07,0.8564907908439636
text-embedding-3-large@3072,low/same-identifiers,08,0.7423481345176697
text-embedding-3-large@3072,low/same-identifiers,09,0.8721281886100769
text-embedding-3-large@3072,low/same-identifiers,10,0.8703594207763672
text-embedding-3-large@3072,low/small-shared-fragment,01,0.37402722239494324
text-embedding-3-large@3072,low/small-shared-fragment,02,0.44016218185424805
text-embedding-3-large@3072,low/small-shared-fragment,03,0.5537494421005249
text-embedding-3-large@3072,low/small-shared-fragment,04,0.25984662771224976
text-embedding-3-large@3072,low/small-shared-fragment,05,0.47162166237831116
text-embedding-3-large@3072,low/small-shared-fragment,06,0.4038132131099701
text-embedding-3-large@3072,low/small-shared-fragment,07,0.28868356347084045
text-embedding-3-large@3072,low/small-shared-fragment,08,0.6415553092956543
text-embedding-3-large@3072,low/small-shared-fragment,09,0.5445758104324341
text-embedding-3-large@3072,low/small-shared-fragment,10,0.5073150396347046
text-embedding-3-large@3072,low/small-shared-fragments-large,01,0.4642484784126282
text-embedding-3-large@3072,low/small-shared-fragments-large,02,0.42404767870903015
text-embedding-3-large@3072,low/small-shared-fragments-large,03,0.5279436707496643
text-embedding-3-large@3072,low/small-shared-fragments-large,04,0.32913193106651306
text-embedding-3-large@3072,low/small-shared-fragments-large,05,0.5132015347480774
text-embedding-3-large@3072,low/small-shared-fragments-large,06,0.4396558701992035
text-embedding-3-large@3072,low/small-shared-fragments-large,07,0.5367391705513
text-embedding-3-large@3072,low/small-shared-fragments-large,08,0.5263869166374207
text-embedding-3-large@3072,low/small-shared-fragments-large,09,0.6477988958358765
text-embedding-3-large@3072,low/small-shared-fragments-large,10,0.5924390554428101
text-embedding-3-large@3072,low/same-boilerplate,01,0.5091310143470764
text-embedding-3-large@3072,low/same-boilerplate,02,0.5851972699165344
text-embedding-3-large@3072,low/same-boilerplate,03,0.6366853713989258
text-embedding-3-large@3072,low/same-boilerplate,04,0.5106683969497681
text-embedding-3-large@3072,low/same-boilerplate,05,0.651857852935791
text-embedding-3-large@3072,low/same-boilerplate,06,0.5081139802932739
text-embedding-3-large@3072,low/same-boilerplate,07,0.5544858574867249
text-embedding-3-large@3072,low/same-boilerplate,08,0.5553847551345825
text-embedding-3-large@3072,low/same-boilerplate,09,0.549109935760498
text-embedding-3-large@3072,low/same-boilerplate,10,0.45294317603111267
text-embedding-3-large@3072,low/code-and-text,01,0.2639271020889282
text-embedding-3-large@3072,low/code-and-text,02,0.03822784125804901
text-embedding-3-large@3072,low/code-and-text,03,0.10739117115736008
text-embedding-3-large@3072,low/code-and-text,04,0.19679608941078186
text-embedding-3-large@3072,low/code-and-text,05,0.11671455949544907
text-embedding-3-large@3072,low/code-and-text,06,0.1779361069202423
text-embedding-3-large@3072,low/code-and-text,07,0.16116194427013397
text-embedding-3-large@3072,low/code-and-text,08,0.21328644454479218
text-embedding-3-large@3072,low/code-and-text,09,0.011546188965439796
text-embedding-3-large@3072,low/code-and-text,10,0.09983699768781662
text-embedding-3-small@1536,high/exact-copy,01,1.0
text-embedding-3-small@1536,high/exact-copy,02,1.0
text-embedding-3-small@1536,high/exact-copy,03,1.0000001192092896
text-embedding-3-small@1536,high/exact-copy,04,1.0
text-embedding-3-small@1536,high/exact-copy,05,0.9999999403953552
text-embedding-3-small@1536,high/exact-copy,06,0.9999998807907104
text-embedding-3-small@1536,high/exact-copy,07,1.0000001192092896
text-embedding-3-small@1536,high/exact-copy,08,0.9999992847442627
text-embedding-3-small@1536,high/exact-copy,09,0.9999998807907104
text-embedding-3-small@1536,high/exact-copy,10,0.9999998807907104
text-embedding-3-small@1536,high/formatting,01,0.9937012791633606
text-embedding-3-small@1536,high/formatting,02,0.9932010769844055
text-embedding-3-small@1536,high/formatting,03,0.9894806742668152
text-embedding-3-small@1536,high/formatting,04,0.9873301386833191
text-embedding-3-small@1536,high/formatting,05,0.9946365356445312
text-embedding-3-small@1536,high/formatting,06,0.9920343160629272
text-embedding-3-small@1536,high/formatting,07,0.9959524869918823
text-embedding-3-small@1536,high/formatting,08,0.990145206451416
text-embedding-3-small@1536,high/formatting,09,0.9881343245506287
text-embedding-3-small@1536,high/formatting,10,0.9748798608779907
text-embedding-3-small@1536,high/lang-similar-syntax,01,0.93277508020401
text-embedding-3-small@1536,high/lang-similar-syntax,02,0.8989185690879822
text-embedding-3-small@1536,high/lang-similar-syntax,03,0.8270249962806702
text-embedding-3-small@1536,high/lang-similar-syntax,04,0.8108540177345276
text-embedding-3-small@1536,high/lang-similar-syntax,05,0.8756576180458069
text-embedding-3-small@1536,high/lang-similar-syntax,06,0.9009237289428711
text-embedding-3-small@1536,high/lang-similar-syntax,07,0.8007543683052063
text-embedding-3-small@1536,high/lang-similar-syntax,08,0.8478479981422424
text-embedding-3-small@1536,high/lang-similar-syntax,09,0.804844081401825
text-embedding-3-small@1536,high/lang-similar-syntax,10,0.7657531499862671
text-embedding-3-small@1536,high/lang-different-syntax,01,0.5971651077270508
text-embedding-3-small@1536,high/lang-different-syntax,02,0.6378992199897766
text-embedding-3-small@1536,high/lang-different-syntax,03,0.7376287579536438
text-embedding-3-small@1536,high/lang-different-syntax,04,0.7995693683624268
text-embedding-3-small@1536,high/lang-different-syntax,05,0.6789361834526062
text-embedding-3-small@1536,high/lang-different-syntax,06,0.7433655858039856
text-embedding-3-small@1536,high/lang-different-syntax,07,0.699663519859314
text-embedding-3-small@1536,high/lang-different-syntax,08,0.6822876930236816
text-embedding-3-small@1536,high/lang-different-syntax,09,0.7588874101638794
text-embedding-3-small@1536,high/lang-different-syntax,10,0.8108968734741211
text-embedding-3-small@1536,high/renamed-identifiers,01,0.6813989877700806
text-embedding-3-small@1536,high/renamed-identifiers,02,0.8724552989006042
text-embedding-3-small@1536,high/renamed-identifiers,03,0.780246376991272
text-embedding-3-small@1536,high/renamed-identifiers,04,0.5675619840621948
text-embedding-3-small@1536,high/renamed-identifiers,05,0.8289917707443237
text-embedding-3-small@1536,high/renamed-identifiers,06,0.5691500306129456
text-embedding-3-small@1536,high/renamed-identifiers,07,0.6383081078529358
text-embedding-3-small@1536,high/renamed-identifiers,08,0.5433356165885925
text-embedding-3-small@1536,high/renamed-identifiers,09,0.7434689402580261
text-embedding-3-small@1536,high/renamed-identifiers,10,0.8448550701141357
text-embedding-3-small@1536,high/different-literals,01,0.9023127555847168
text-embedding-3-small@1536,high/different-literals,02,0.9114631414413452
text-embedding-3-small@1536,high/different-literals,03,0.9253149032592773
text-embedding-3-small@1536,high/different-literals,04,0.9500908255577087
text-embedding-3-small@1536,high/different-literals,05,0.9561818838119507
text-embedding-3-small@1536,high/different-literals,06,0.9746226668357849
text-embedding-3-small@1536,high/different-literals,07,0.9568436145782471
text-embedding-3-small@1536,high/different-literals,08,0.9891887307167053
text-embedding-3-small@1536,high/different-literals,09,0.950370192527771
text-embedding-3-small@1536,high/different-literals,10,0.8856931328773499
text-embedding-3-small@1536,high/reordered-statements,01,0.9776490330696106
text-embedding-3-small@1536,high/reordered-statements,02,0.9629313349723816
text-embedding-3-small@1536,high/reordered-statements,03,0.9608859419822693
text-embedding-3-small@1536,high/reordered-statements,04,0.9814491271972656
text-embedding-3-small@1536,high/reordered-statements,05,0.9756238460540771
text-embedding-3-small@1536,high/reordered-statements,06,0.9891121983528137
text-embedding-3-small@1536,high/reordered-statements,07,0.9392310976982117
text-embedding-3-small@1536,high/reordered-statements,08,0.965278148651123
text-embedding-3-small@1536,high/reordered-statements,09,0.9877372980117798
text-embedding-3-small@1536,high/reordered-statements,10,0.9042027592658997
text-embedding-3-small@1536,high/refactored-structure,01,0.982880711555481
text-embedding-3-small@1536,high/refactored-structure,02,0.9433432817459106
text-embedding-3-small@1536,high/refactored-structure,03,0.8590269684791565
text-embedding-3-small@1536,high/refactored-structure,04,0.9930535554885864
text-embedding-3-small@1536,high/refactored-structure,05,0.9723368287086487
text-embedding-3-small@1536,high/refactored-structure,06,0.9901827573776245
text-embedding-3-small@1536,high/refactored-structure,07,0.8420261740684509
text-embedding-3-small@1536,high/refactored-structure,08,0.9528836011886597
text-embedding-3-small@1536,high/refactored-structure,09,0.9789336919784546
text-embedding-3-small@1536,high/refactored-structure,10,0.963903546333313
text-embedding-3-small@1536,high/small-addition,01,0.9865241646766663
text-embedding-3-small@1536,high/small-addition,02,0.9974060654640198
text-embedding-3-small@1536,high/small-addition,03,0.9955620765686035
text-embedding-3-small@1536,high/small-addition,04,0.9935798048973083
text-embedding-3-small@1536,high/small-addition,05,0.9652001857757568
text-embedding-3-small@1536,high/small-addition,06,0.9874953031539917
text-embedding-3-small@1536,high/small-addition,07,0.9977346062660217
text-embedding-3-small@1536,high/small-addition,08,0.9981682300567627
text-embedding-3-small@1536,high/small-addition,09,0.9817590713500977
text-embedding-3-small@1536,high/small-addition,10,0.9883325695991516
text-embedding-3-small@1536,high/small-additions-large,01,0.9942818284034729
text-embedding-3-small@1536,high/small-additions-large,02,0.9981246590614319
text-embedding-3-small@1536,high/small-additions-large,03,0.9967882633209229
text-embedding-3-small@1536,high/small-additions-large,04,0.9916481971740723
text-embedding-3-small@1536,high/small-additions-large,05,0.9985408782958984
text-embedding-3-small@1536,high/small-additions-large,06,0.9931633472442627
text-embedding-3-small@1536,high/small-additions-large,07,0.9963200688362122
text-embedding-3-small@1536,high/small-additions-large,08,0.9985020160675049
text-embedding-3-small@1536,high/small-additions-large,09,0.9964975118637085
text-embedding-3-small@1536,high/small-additions-large,10,0.9892733693122864
text-embedding-3-small@1536,high/different-algorithm,01,0.4720999598503113
text-embedding-3-small@1536,high/different-algorithm,02,0.6555051803588867
text-embedding-3-small@1536,high/different-algorithm,03,0.6038049459457397
text-embedding-3-small@1536,high/different-algorithm,04,0.5710656642913818
text-embedding-3-small@1536,high/different-algorithm,05,0.7368893623352051
text-embedding-3-small@1536,high/different-algorithm,06,0.5864691734313965
text-embedding-3-small@1536,high/different-algorithm,07,0.6218031048774719
text-embedding-3-small@1536,high/different-algorithm,08,0.6529984474182129
text-embedding-3-small@1536,high/different-algorithm,09,0.7297751307487488
text-embedding-3-small@1536,high/different-algorithm,10,0.6886558532714844
text-embedding-3-small@1536,high/transpiled,01,0.9012773633003235
text-embedding-3-small@1536,high/transpiled,02,0.9252040982246399
text-embedding-3-small@1536,high/transpiled,03,0.8029981255531311
text-embedding-3-small@1536,high/transpiled,04,0.9719022512435913
text-embedding-3-small@1536,high/transpiled,05,0.9252724051475525
text-embedding-3-small@1536,high/transpiled,06,0.925344705581665
text-embedding-3-small@1536,high/transpiled,07,0.8933877348899841
text-embedding-3-small@1536,high/transpiled,08,0.8087731003761292
text-embedding-3-small@1536,high/transpiled,09,0.9096101522445679
text-embedding-3-small@1536,high/transpiled,10,0.8673003911972046
text-embedding-3-small@1536,high/code-and-text,01,0.388435423374176
text-embedding-3-small@1536,high/code-and-text,02,0.43381282687187195
text-embedding-3-small@1536,high/code-and-text,03,0.46246984601020813
text-embedding-3-small@1536,high/code-and-text,04,0.35790619254112244
text-embedding-3-small@1536,high/code-and-text,05,0.4263646900653839
text-embedding-3-small@1536,high/code-and-text,06,0.430266797542572
text-embedding-3-small@1536,high/code-and-text,07,0.32579097151756287
text-embedding-3-small@1536,high/code-and-text,08,0.39291903376579285
text-embedding-3-small@1536,high/code-and-text,09,0.3760605752468109
text-embedding-3-small@1536,high/code-and-text,10,0.40921664237976074
text-embedding-3-small@1536,low/unrelated,01,0.058819934725761414
text-embedding-3-small@1536,low/unrelated,02,0.4032372534275055
text-embedding-3-small@1536,low/unrelated,03,0.2117369920015335
text-embedding-3-small@1536,low/unrelated,04,0.17603343725204468
text-embedding-3-small@1536,low/unrelated,05,0.25616228580474854
text-embedding-3-small@1536,low/unrelated,06,0.17825084924697876
text-embedding-3-small@1536,low/unrelated,07,0.2840651869773865
text-embedding-3-small@1536,low/unrelated,08,0.28304827213287354
text-embedding-3-small@1536,low/unrelated,09,0.39339691400527954
text-embedding-3-small@1536,low/unrelated,10,0.5155282616615295
text-embedding-3-small@1536,low/same-identifiers,01,0.9308452010154724
text-embedding-3-small@1536,low/same-identifiers,02,0.8397260904312134
text-embedding-3-small@1536,low/same-identifiers,03,0.6748571395874023
text-embedding-3-small@1536,low/same-identifiers,04,0.88442462682724
text-embedding-3-small@1536,low/same-identifiers,05,0.9025211334228516
text-embedding-3-small@1536,low/same-identifiers,06,0.8265677690505981
text-embedding-3-small@1536,low/same-identifiers,07,0.9091877341270447
text-embedding-3-small@1536,low/same-identifiers,08,0.8365517854690552
text-embedding-3-small@1536,low/same-identifiers,09,0.896542489528656
text-embedding-3-small@1536,low/same-identifiers,10,0.9103598594665527
text-embedding-3-small@1536,low/small-shared-fragment,01,0.4070689380168915
text-embedding-3-small@1536,low/small-shared-fragment,02,0.4623815417289734
text-embedding-3-small@1536,low/small-shared-fragment,03,0.6101838946342468
text-embedding-3-small@1536,low/small-shared-fragment,04,0.34302830696105957
text-embedding-3-small@1536,low/small-shared-fragment,05,0.5472376942634583
text-embedding-3-small@1536,low/small-shared-fragment,06,0.5227481126785278
text-embedding-3-small@1536,low/small-shared-fragment,07,0.46529683470726013
text-embedding-3-small@1536,low/small-shared-fragment,08,0.7617722153663635
text-embedding-3-small@1536,low/small-shared-fragment,09,0.6071435809135437
text-embedding-3-small@1536,low/small-shared-fragment,10,0.6119300127029419
text-embedding-3-small@1536,low/small-shared-fragments-large,01,0.5954833030700684
text-embedding-3-small@1536,low/small-shared-fragments-large,02,0.5590977072715759
text-embedding-3-small@1536,low/small-shared-fragments-large,03,0.6311711072921753
text-embedding-3-small@1536,low/small-shared-fragments-large,04,0.44855770468711853
text-embedding-3-small@1536,low/small-shared-fragments-large,05,0.577359676361084
text-embedding-3-small@1536,low/small-shared-fragments-large,06,0.5302742123603821
text-embedding-3-small@1536,low/small-shared-fragments-large,07,0.6641190052032471
text-embedding-3-small@1536,low/small-shared-fragments-large,08,0.7740792632102966
text-embedding-3-small@1536,low/small-shared-fragments-large,09,0.7077854871749878
text-embedding-3-small@1536,low/small-shared-fragments-large,10,0.6683126091957092
text-embedding-3-small@1536,low/same-boilerplate,01,0.5733792781829834
text-embedding-3-small@1536,low/same-boilerplate,02,0.6421763300895691
text-embedding-3-small@1536,low/same-boilerplate,03,0.6881303787231445
text-embedding-3-small@1536,low/same-boilerplate,04,0.4977433383464813
text-embedding-3-small@1536,low/same-boilerplate,05,0.600223183631897
text-embedding-3-small@1536,low/same-boilerplate,06,0.4937748312950134
text-embedding-3-small@1536,low/same-boilerplate,07,0.5868710875511169
text-embedding-3-small@1536,low/same-boilerplate,08,0.5769547820091248
text-embedding-3-small@1536,low/same-boilerplate,09,0.6553389430046082
text-embedding-3-small@1536,low/same-boilerplate,10,0.4615533947944641
text-embedding-3-small@1536,low/code-and-text,01,0.31524479389190674
text-embedding-3-small@1536,low/code-and-text,02,0.12010030448436737
text-embedding-3-small@1536,low/code-and-text,03,0.1863405704498291
text-embedding-3-small@1536,low/code-and-text,04,0.25585052371025085
text-embedding-3-small@1536,low/code-and-text,05,0.17421403527259827
text-embedding-3-small@1536,low/code-and-text,06,0.19933393597602844
text-embedding-3-small@1536,low/code-and-text,07,0.14515478909015656
text-embedding-3-small@1536,low/code-and-text,08,0.22436924278736115
text-embedding-3-small@1536,low/code-and-text,09,0.08882942795753479
text-embedding-3-small@1536,low/code-and-text,10,0.19096964597702026
gemini-embedding-2@3072,high/exact-copy,01,1.0
gemini-embedding-2@3072,high/exact-copy,02,1.0
gemini-embedding-2@3072,high/exact-copy,03,1.0000001192092896
gemini-embedding-2@3072,high/exact-copy,04,1.0000001192092896
gemini-embedding-2@3072,high/exact-copy,05,1.0000001192092896
gemini-embedding-2@3072,high/exact-copy,06,1.0000001192092896
gemini-embedding-2@3072,high/exact-copy,07,1.0
gemini-embedding-2@3072,high/exact-copy,08,1.0
gemini-embedding-2@3072,high/exact-copy,09,1.0
gemini-embedding-2@3072,high/exact-copy,10,1.0000001192092896
gemini-embedding-2@3072,high/formatting,01,0.954049825668335
gemini-embedding-2@3072,high/formatting,02,0.9599664807319641
gemini-embedding-2@3072,high/formatting,03,0.9515185952186584
gemini-embedding-2@3072,high/formatting,04,0.9643936157226562
gemini-embedding-2@3072,high/formatting,05,0.9791191816329956
gemini-embedding-2@3072,high/formatting,06,0.9796012043952942
gemini-embedding-2@3072,high/formatting,07,0.9727864861488342
gemini-embedding-2@3072,high/formatting,08,0.969510018825531
gemini-embedding-2@3072,high/formatting,09,0.977257490158081
gemini-embedding-2@3072,high/formatting,10,0.9544110298156738
gemini-embedding-2@3072,high/lang-similar-syntax,01,0.9532977938652039
gemini-embedding-2@3072,high/lang-similar-syntax,02,0.974860668182373
gemini-embedding-2@3072,high/lang-similar-syntax,03,0.9253659248352051
gemini-embedding-2@3072,high/lang-similar-syntax,04,0.9330057501792908
gemini-embedding-2@3072,high/lang-similar-syntax,05,0.955794095993042
gemini-embedding-2@3072,high/lang-similar-syntax,06,0.9332666397094727
gemini-embedding-2@3072,high/lang-similar-syntax,07,0.9437837600708008
gemini-embedding-2@3072,high/lang-similar-syntax,08,0.9478791356086731
gemini-embedding-2@3072,high/lang-similar-syntax,09,0.9360587000846863
gemini-embedding-2@3072,high/lang-similar-syntax,10,0.9006109833717346
gemini-embedding-2@3072,high/lang-different-syntax,01,0.9089694023132324
gemini-embedding-2@3072,high/lang-different-syntax,02,0.8740370273590088
gemini-embedding-2@3072,high/lang-different-syntax,03,0.964296281337738
gemini-embedding-2@3072,high/lang-different-syntax,04,0.9541162252426147
gemini-embedding-2@3072,high/lang-different-syntax,05,0.8760170340538025
gemini-embedding-2@3072,high/lang-different-syntax,06,0.9189834594726562
gemini-embedding-2@3072,high/lang-different-syntax,07,0.9362432360649109
gemini-embedding-2@3072,high/lang-different-syntax,08,0.8893753886222839
gemini-embedding-2@3072,high/lang-different-syntax,09,0.9490076303482056
gemini-embedding-2@3072,high/lang-different-syntax,10,0.9538414478302002
gemini-embedding-2@3072,high/renamed-identifiers,01,0.8794851303100586
gemini-embedding-2@3072,high/renamed-identifiers,02,0.8756663799285889
gemini-embedding-2@3072,high/renamed-identifiers,03,0.9036177396774292
gemini-embedding-2@3072,high/renamed-identifiers,04,0.8954439163208008
gemini-embedding-2@3072,high/renamed-identifiers,05,0.9061721563339233
gemini-embedding-2@3072,high/renamed-identifiers,06,0.9133732318878174
gemini-embedding-2@3072,high/renamed-identifiers,07,0.870587170124054
gemini-embedding-2@3072,high/renamed-identifiers,08,0.9091591835021973
gemini-embedding-2@3072,high/renamed-identifiers,09,0.8804618120193481
gemini-embedding-2@3072,high/renamed-identifiers,10,0.9579830765724182
gemini-embedding-2@3072,high/different-literals,01,0.8846037983894348
gemini-embedding-2@3072,high/different-literals,02,0.8167416453361511
gemini-embedding-2@3072,high/different-literals,03,0.8407565355300903
gemini-embedding-2@3072,high/different-literals,04,0.9097084403038025
gemini-embedding-2@3072,high/different-literals,05,0.8999065160751343
gemini-embedding-2@3072,high/different-literals,06,0.897048830986023
gemini-embedding-2@3072,high/different-literals,07,0.9435632824897766
gemini-embedding-2@3072,high/different-literals,08,0.9422299861907959
gemini-embedding-2@3072,high/different-literals,09,0.893701434135437
gemini-embedding-2@3072,high/different-literals,10,0.9030114412307739
gemini-embedding-2@3072,high/reordered-statements,01,0.9630343914031982
gemini-embedding-2@3072,high/reordered-statements,02,0.9728685021400452
gemini-embedding-2@3072,high/reordered-statements,03,0.9851045608520508
gemini-embedding-2@3072,high/reordered-statements,04,0.9851229786872864
gemini-embedding-2@3072,high/reordered-statements,05,0.9825754761695862
gemini-embedding-2@3072,high/reordered-statements,06,0.9900455474853516
gemini-embedding-2@3072,high/reordered-statements,07,0.9686734676361084
gemini-embedding-2@3072,high/reordered-statements,08,0.9762192964553833
gemini-embedding-2@3072,high/reordered-statements,09,0.9917970895767212
gemini-embedding-2@3072,high/reordered-statements,10,0.9811991453170776
gemini-embedding-2@3072,high/refactored-structure,01,0.9620047807693481
gemini-embedding-2@3072,high/refactored-structure,02,0.9818208813667297
gemini-embedding-2@3072,high/refactored-structure,03,0.9624897241592407
gemini-embedding-2@3072,high/refactored-structure,04,0.9892502427101135
gemini-embedding-2@3072,high/refactored-structure,05,0.9817865490913391
gemini-embedding-2@3072,high/refactored-structure,06,0.9887256622314453
gemini-embedding-2@3072,high/refactored-structure,07,0.961995542049408
gemini-embedding-2@3072,high/refactored-structure,08,0.9774603843688965
gemini-embedding-2@3072,high/refactored-structure,09,0.9813313484191895
gemini-embedding-2@3072,high/refactored-structure,10,0.9803285002708435
gemini-embedding-2@3072,high/small-addition,01,0.9889893531799316
gemini-embedding-2@3072,high/small-addition,02,0.9874973893165588
gemini-embedding-2@3072,high/small-addition,03,0.9859979748725891
gemini-embedding-2@3072,high/small-addition,04,0.9805517792701721
gemini-embedding-2@3072,high/small-addition,05,0.9599273800849915
gemini-embedding-2@3072,high/small-addition,06,0.9766631126403809
gemini-embedding-2@3072,high/small-addition,07,0.9900513887405396
gemini-embedding-2@3072,high/small-addition,08,0.9892292022705078
gemini-embedding-2@3072,high/small-addition,09,0.9760217666625977
gemini-embedding-2@3072,high/small-addition,10,0.9818834662437439
gemini-embedding-2@3072,high/small-additions-large,01,0.9852268099784851
gemini-embedding-2@3072,high/small-additions-large,02,0.9913243055343628
gemini-embedding-2@3072,high/small-additions-large,03,0.9895486831665039
gemini-embedding-2@3072,high/small-additions-large,04,0.9844249486923218
gemini-embedding-2@3072,high/small-additions-large,05,0.988088846206665
gemini-embedding-2@3072,high/small-additions-large,06,0.9787684679031372
gemini-embedding-2@3072,high/small-additions-large,07,0.9899697303771973
gemini-embedding-2@3072,high/small-additions-large,08,0.9907404780387878
gemini-embedding-2@3072,high/small-additions-large,09,0.9914379715919495
gemini-embedding-2@3072,high/small-additions-large,10,0.9874725937843323
gemini-embedding-2@3072,high/different-algorithm,01,0.817099392414093
gemini-embedding-2@3072,high/different-algorithm,02,0.8443470001220703
gemini-embedding-2@3072,high/different-algorithm,03,0.8627735376358032
gemini-embedding-2@3072,high/different-algorithm,04,0.8817938566207886
gemini-embedding-2@3072,high/different-algorithm,05,0.8449816703796387
gemini-embedding-2@3072,high/different-algorithm,06,0.8723242878913879
gemini-embedding-2@3072,high/different-algorithm,07,0.8769972324371338
gemini-embedding-2@3072,high/different-algorithm,08,0.9012172222137451
gemini-embedding-2@3072,high/different-algorithm,09,0.9259234070777893
gemini-embedding-2@3072,high/different-algorithm,10,0.9072827696800232
gemini-embedding-2@3072,high/transpiled,01,0.9672572016716003
gemini-embedding-2@3072,high/transpiled,02,0.9652196168899536
gemini-embedding-2@3072,high/transpiled,03,0.925287663936615
gemini-embedding-2@3072,high/transpiled,04,0.9483329653739929
gemini-embedding-2@3072,high/transpiled,05,0.9629046320915222
gemini-embedding-2@3072,high/transpiled,06,0.95595383644104
gemini-embedding-2@3072,high/transpiled,07,0.9522461891174316
gemini-embedding-2@3072,high/transpiled,08,0.9235069751739502
gemini-embedding-2@3072,high/transpiled,09,0.9465055465698242
gemini-embedding-2@3072,high/transpiled,10,0.94098299741745
gemini-embedding-2@3072,high/code-and-text,01,0.7270284295082092
gemini-embedding-2@3072,high/code-and-text,02,0.6479197144508362
gemini-embedding-2@3072,high/code-and-text,03,0.7719974517822266
gemini-embedding-2@3072,high/code-and-text,04,0.7487826943397522
gemini-embedding-2@3072,high/code-and-text,05,0.6894442439079285
gemini-embedding-2@3072,high/code-and-text,06,0.6860483884811401
gemini-embedding-2@3072,high/code-and-text,07,0.7453858256340027
gemini-embedding-2@3072,high/code-and-text,08,0.7722707390785217
gemini-embedding-2@3072,high/code-and-text,09,0.7031483054161072
gemini-embedding-2@3072,high/code-and-text,10,0.7095324993133545
gemini-embedding-2@3072,low/unrelated,01,0.5157255530357361
gemini-embedding-2@3072,low/unrelated,02,0.5555059313774109
gemini-embedding-2@3072,low/unrelated,03,0.5567623972892761
gemini-embedding-2@3072,low/unrelated,04,0.6524187326431274
gemini-embedding-2@3072,low/unrelated,05,0.6030135750770569
gemini-embedding-2@3072,low/unrelated,06,0.61249840259552
gemini-embedding-2@3072,low/unrelated,07,0.5607130527496338
gemini-embedding-2@3072,low/unrelated,08,0.5465778708457947
gemini-embedding-2@3072,low/unrelated,09,0.6487849950790405
gemini-embedding-2@3072,low/unrelated,10,0.6739155650138855
gemini-embedding-2@3072,low/same-identifiers,01,0.8523188829421997
gemini-embedding-2@3072,low/same-identifiers,02,0.7783550024032593
gemini-embedding-2@3072,low/same-identifiers,03,0.7178336977958679
gemini-embedding-2@3072,low/same-identifiers,04,0.8495986461639404
gemini-embedding-2@3072,low/same-identifiers,05,0.8386105895042419
gemini-embedding-2@3072,low/same-identifiers,06,0.8220176696777344
gemini-embedding-2@3072,low/same-identifiers,07,0.8373283743858337
gemini-embedding-2@3072,low/same-identifiers,08,0.7703642845153809
gemini-embedding-2@3072,low/same-identifiers,09,0.8406949043273926
gemini-embedding-2@3072,low/same-identifiers,10,0.8659926056861877
gemini-embedding-2@3072,low/small-shared-fragment,01,0.5605625510215759
gemini-embedding-2@3072,low/small-shared-fragment,02,0.7136068344116211
gemini-embedding-2@3072,low/small-shared-fragment,03,0.7982672452926636
gemini-embedding-2@3072,low/small-shared-fragment,04,0.6740012168884277
gemini-embedding-2@3072,low/small-shared-fragment,05,0.7499487996101379
gemini-embedding-2@3072,low/small-shared-fragment,06,0.7299119234085083
gemini-embedding-2@3072,low/small-shared-fragment,07,0.608653724193573
gemini-embedding-2@3072,low/small-shared-fragment,08,0.8144286870956421
gemini-embedding-2@3072,low/small-shared-fragment,09,0.7031325697898865
gemini-embedding-2@3072,low/small-shared-fragment,10,0.6868715882301331
gemini-embedding-2@3072,low/small-shared-fragments-large,01,0.7418855428695679
gemini-embedding-2@3072,low/small-shared-fragments-large,02,0.7043139934539795
gemini-embedding-2@3072,low/small-shared-fragments-large,03,0.7514954805374146
gemini-embedding-2@3072,low/small-shared-fragments-large,04,0.7442842125892639
gemini-embedding-2@3072,low/small-shared-fragments-large,05,0.8020666837692261
gemini-embedding-2@3072,low/small-shared-fragments-large,06,0.7591080665588379
gemini-embedding-2@3072,low/small-shared-fragments-large,07,0.7083051800727844
gemini-embedding-2@3072,low/small-shared-fragments-large,08,0.7936859130859375
gemini-embedding-2@3072,low/small-shared-fragments-large,09,0.7659648060798645
gemini-embedding-2@3072,low/small-shared-fragments-large,10,0.7519814372062683
gemini-embedding-2@3072,low/same-boilerplate,01,0.7410140037536621
gemini-embedding-2@3072,low/same-boilerplate,02,0.7715809345245361
gemini-embedding-2@3072,low/same-boilerplate,03,0.8478630781173706
gemini-embedding-2@3072,low/same-boilerplate,04,0.7162576913833618
gemini-embedding-2@3072,low/same-boilerplate,05,0.7408246397972107
gemini-embedding-2@3072,low/same-boilerplate,06,0.7585770487785339
gemini-embedding-2@3072,low/same-boilerplate,07,0.7256039381027222
gemini-embedding-2@3072,low/same-boilerplate,08,0.7865128517150879
gemini-embedding-2@3072,low/same-boilerplate,09,0.7021709680557251
gemini-embedding-2@3072,low/same-boilerplate,10,0.7369091510772705
gemini-embedding-2@3072,low/code-and-text,01,0.4705103933811188
gemini-embedding-2@3072,low/code-and-text,02,0.437502384185791
gemini-embedding-2@3072,low/code-and-text,03,0.4811651110649109
gemini-embedding-2@3072,low/code-and-text,04,0.5119620561599731
gemini-embedding-2@3072,low/code-and-text,05,0.478685200214386
gemini-embedding-2@3072,low/code-and-text,06,0.5416256189346313
gemini-embedding-2@3072,low/code-and-text,07,0.5066689848899841
gemini-embedding-2@3072,low/code-and-text,08,0.5531407594680786
gemini-embedding-2@3072,low/code-and-text,09,0.46154868602752686
gemini-embedding-2@3072,low/code-and-text,10,0.46120911836624146
gemini-embedding-2@3072|sim,high/exact-copy,01,1.0
gemini-embedding-2@3072|sim,high/exact-copy,02,1.0
gemini-embedding-2@3072|sim,high/exact-copy,03,1.0
gemini-embedding-2@3072|sim,high/exact-copy,04,1.0
gemini-embedding-2@3072|sim,high/exact-copy,05,1.0
gemini-embedding-2@3072|sim,high/exact-copy,06,1.0
gemini-embedding-2@3072|sim,high/exact-copy,07,1.0
gemini-embedding-2@3072|sim,high/exact-copy,08,1.0
gemini-embedding-2@3072|sim,high/exact-copy,09,1.0
gemini-embedding-2@3072|sim,high/exact-copy,10,1.0
gemini-embedding-2@3072|sim,high/formatting,01,0.9876286387443542
gemini-embedding-2@3072|sim,high/formatting,02,0.9904430508613586
gemini-embedding-2@3072|sim,high/formatting,03,0.9865535497665405
gemini-embedding-2@3072|sim,high/formatting,04,0.9906678199768066
gemini-embedding-2@3072|sim,high/formatting,05,0.9934720993041992
gemini-embedding-2@3072|sim,high/formatting,06,0.992448091506958
gemini-embedding-2@3072|sim,high/formatting,07,0.9943394064903259
gemini-embedding-2@3072|sim,high/formatting,08,0.9894595742225647
gemini-embedding-2@3072|sim,high/formatting,09,0.9922653436660767
gemini-embedding-2@3072|sim,high/formatting,10,0.9923290014266968
gemini-embedding-2@3072|sim,high/lang-similar-syntax,01,0.973064124584198
gemini-embedding-2@3072|sim,high/lang-similar-syntax,02,0.9860309958457947
gemini-embedding-2@3072|sim,high/lang-similar-syntax,03,0.9499385356903076
gemini-embedding-2@3072|sim,high/lang-similar-syntax,04,0.9647151231765747
gemini-embedding-2@3072|sim,high/lang-similar-syntax,05,0.9769506454467773
gemini-embedding-2@3072|sim,high/lang-similar-syntax,06,0.9641923904418945
gemini-embedding-2@3072|sim,high/lang-similar-syntax,07,0.9583916664123535
gemini-embedding-2@3072|sim,high/lang-similar-syntax,08,0.9600208401679993
gemini-embedding-2@3072|sim,high/lang-similar-syntax,09,0.946717381477356
gemini-embedding-2@3072|sim,high/lang-similar-syntax,10,0.9360527992248535
gemini-embedding-2@3072|sim,high/lang-different-syntax,01,0.9511677026748657
gemini-embedding-2@3072|sim,high/lang-different-syntax,02,0.9428436756134033
gemini-embedding-2@3072|sim,high/lang-different-syntax,03,0.9820855855941772
gemini-embedding-2@3072|sim,high/lang-different-syntax,04,0.9734666347503662
gemini-embedding-2@3072|sim,high/lang-different-syntax,05,0.942813515663147
gemini-embedding-2@3072|sim,high/lang-different-syntax,06,0.948180079460144
gemini-embedding-2@3072|sim,high/lang-different-syntax,07,0.9588118195533752
gemini-embedding-2@3072|sim,high/lang-different-syntax,08,0.9256097674369812
gemini-embedding-2@3072|sim,high/lang-different-syntax,09,0.9628005027770996
gemini-embedding-2@3072|sim,high/lang-different-syntax,10,0.9737721085548401
gemini-embedding-2@3072|sim,high/renamed-identifiers,01,0.9602490067481995
gemini-embedding-2@3072|sim,high/renamed-identifiers,02,0.948468029499054
gemini-embedding-2@3072|sim,high/renamed-identifiers,03,0.9449543356895447
gemini-embedding-2@3072|sim,high/renamed-identifiers,04,0.9552297592163086
gemini-embedding-2@3072|sim,high/renamed-identifiers,05,0.9540721774101257
gemini-embedding-2@3072|sim,high/renamed-identifiers,06,0.9470018744468689
gemini-embedding-2@3072|sim,high/renamed-identifiers,07,0.9490889310836792
gemini-embedding-2@3072|sim,high/renamed-identifiers,08,0.9560109376907349
gemini-embedding-2@3072|sim,high/renamed-identifiers,09,0.9588825702667236
gemini-embedding-2@3072|sim,high/renamed-identifiers,10,0.9881396889686584
gemini-embedding-2@3072|sim,high/different-literals,01,0.9476597905158997
gemini-embedding-2@3072|sim,high/different-literals,02,0.9191194176673889
gemini-embedding-2@3072|sim,high/different-literals,03,0.9287940859794617
gemini-embedding-2@3072|sim,high/different-literals,04,0.9594426155090332
gemini-embedding-2@3072|sim,high/different-literals,05,0.968155026435852
gemini-embedding-2@3072|sim,high/different-literals,06,0.9673151969909668
gemini-embedding-2@3072|sim,high/different-literals,07,0.9629162549972534
gemini-embedding-2@3072|sim,high/different-literals,08,0.9853614568710327
gemini-embedding-2@3072|sim,high/different-literals,09,0.9345666170120239
gemini-embedding-2@3072|sim,high/different-literals,10,0.9640375971794128
gemini-embedding-2@3072|sim,high/reordered-statements,01,0.9853768348693848
gemini-embedding-2@3072|sim,high/reordered-statements,02,0.9891807436943054
gemini-embedding-2@3072|sim,high/reordered-statements,03,0.9930745959281921
gemini-embedding-2@3072|sim,high/reordered-statements,04,0.9933919310569763
gemini-embedding-2@3072|sim,high/reordered-statements,05,0.9909446835517883
gemini-embedding-2@3072|sim,high/reordered-statements,06,0.9952796101570129
gemini-embedding-2@3072|sim,high/reordered-statements,07,0.9886190295219421
gemini-embedding-2@3072|sim,high/reordered-statements,08,0.9911636114120483
gemini-embedding-2@3072|sim,high/reordered-statements,09,0.9964093565940857
gemini-embedding-2@3072|sim,high/reordered-statements,10,0.9923720955848694
gemini-embedding-2@3072|sim,high/refactored-structure,01,0.9919406175613403
gemini-embedding-2@3072|sim,high/refactored-structure,02,0.9924880862236023
gemini-embedding-2@3072|sim,high/refactored-structure,03,0.9906540513038635
gemini-embedding-2@3072|sim,high/refactored-structure,04,0.996204674243927
gemini-embedding-2@3072|sim,high/refactored-structure,05,0.9952194094657898
gemini-embedding-2@3072|sim,high/refactored-structure,06,0.9946994781494141
gemini-embedding-2@3072|sim,high/refactored-structure,07,0.9855790138244629
gemini-embedding-2@3072|sim,high/refactored-structure,08,0.9905686974525452
gemini-embedding-2@3072|sim,high/refactored-structure,09,0.9891229867935181
gemini-embedding-2@3072|sim,high/refactored-structure,10,0.995075523853302
gemini-embedding-2@3072|sim,high/small-addition,01,0.9935361742973328
gemini-embedding-2@3072|sim,high/small-addition,02,0.9956548810005188
gemini-embedding-2@3072|sim,high/small-addition,03,0.9952684640884399
gemini-embedding-2@3072|sim,high/small-addition,04,0.9885365962982178
gemini-embedding-2@3072|sim,high/small-addition,05,0.988853931427002
gemini-embedding-2@3072|sim,high/small-addition,06,0.9868171215057373
gemini-embedding-2@3072|sim,high/small-addition,07,0.9941712617874146
gemini-embedding-2@3072|sim,high/small-addition,08,0.9920325875282288
gemini-embedding-2@3072|sim,high/small-addition,09,0.9903565049171448
gemini-embedding-2@3072|sim,high/small-addition,10,0.9902462959289551
gemini-embedding-2@3072|sim,high/small-additions-large,01,0.9921480417251587
gemini-embedding-2@3072|sim,high/small-additions-large,02,0.9954500198364258
gemini-embedding-2@3072|sim,high/small-additions-large,03,0.9930717349052429
gemini-embedding-2@3072|sim,high/small-additions-large,04,0.9916924238204956
gemini-embedding-2@3072|sim,high/small-additions-large,05,0.9948599934577942
gemini-embedding-2@3072|sim,high/small-additions-large,06,0.9847742319107056
gemini-embedding-2@3072|sim,high/small-additions-large,07,0.9944473505020142
gemini-embedding-2@3072|sim,high/small-additions-large,08,0.994865357875824
gemini-embedding-2@3072|sim,high/small-additions-large,09,0.9944524168968201
gemini-embedding-2@3072|sim,high/small-additions-large,10,0.9925327301025391
gemini-embedding-2@3072|sim,high/different-algorithm,01,0.9055905342102051
gemini-embedding-2@3072|sim,high/different-algorithm,02,0.9164031744003296
gemini-embedding-2@3072|sim,high/different-algorithm,03,0.9283478856086731
gemini-embedding-2@3072|sim,high/different-algorithm,04,0.9267491102218628
gemini-embedding-2@3072|sim,high/different-algorithm,05,0.9272081851959229
gemini-embedding-2@3072|sim,high/different-algorithm,06,0.9251768589019775
gemini-embedding-2@3072|sim,high/different-algorithm,07,0.9362369775772095
gemini-embedding-2@3072|sim,high/different-algorithm,08,0.9415469765663147
gemini-embedding-2@3072|sim,high/different-algorithm,09,0.9605109095573425
gemini-embedding-2@3072|sim,high/different-algorithm,10,0.960244357585907
gemini-embedding-2@3072|sim,high/transpiled,01,0.9874345660209656
gemini-embedding-2@3072|sim,high/transpiled,02,0.9883950352668762
gemini-embedding-2@3072|sim,high/transpiled,03,0.9700973033905029
gemini-embedding-2@3072|sim,high/transpiled,04,0.9829220771789551
gemini-embedding-2@3072|sim,high/transpiled,05,0.9833043217658997
gemini-embedding-2@3072|sim,high/transpiled,06,0.9733225703239441
gemini-embedding-2@3072|sim,high/transpiled,07,0.9798913598060608
gemini-embedding-2@3072|sim,high/transpiled,08,0.9741261005401611
gemini-embedding-2@3072|sim,high/transpiled,09,0.9595552086830139
gemini-embedding-2@3072|sim,high/transpiled,10,0.971947193145752
gemini-embedding-2@3072|sim,high/code-and-text,01,0.8887360095977783
gemini-embedding-2@3072|sim,high/code-and-text,02,0.8535420298576355
gemini-embedding-2@3072|sim,high/code-and-text,03,0.8998697400093079
gemini-embedding-2@3072|sim,high/code-and-text,04,0.885723888874054
gemini-embedding-2@3072|sim,high/code-and-text,05,0.8348913788795471
gemini-embedding-2@3072|sim,high/code-and-text,06,0.8544817566871643
gemini-embedding-2@3072|sim,high/code-and-text,07,0.8626204133033752
gemini-embedding-2@3072|sim,high/code-and-text,08,0.8992734551429749
gemini-embedding-2@3072|sim,high/code-and-text,09,0.8470005989074707
gemini-embedding-2@3072|sim,high/code-and-text,10,0.8526173233985901
gemini-embedding-2@3072|sim,low/unrelated,01,0.672342836856842
gemini-embedding-2@3072|sim,low/unrelated,02,0.7153007388114929
gemini-embedding-2@3072|sim,low/unrelated,03,0.7137187123298645
gemini-embedding-2@3072|sim,low/unrelated,04,0.7401115298271179
gemini-embedding-2@3072|sim,low/unrelated,05,0.7329829931259155
gemini-embedding-2@3072|sim,low/unrelated,06,0.751555860042572
gemini-embedding-2@3072|sim,low/unrelated,07,0.7319430112838745
gemini-embedding-2@3072|sim,low/unrelated,08,0.7163296937942505
gemini-embedding-2@3072|sim,low/unrelated,09,0.7649363875389099
gemini-embedding-2@3072|sim,low/unrelated,10,0.8054959177970886
gemini-embedding-2@3072|sim,low/same-identifiers,01,0.9295836091041565
gemini-embedding-2@3072|sim,low/same-identifiers,02,0.8884098529815674
gemini-embedding-2@3072|sim,low/same-identifiers,03,0.8452403545379639
gemini-embedding-2@3072|sim,low/same-identifiers,04,0.906761884689331
gemini-embedding-2@3072|sim,low/same-identifiers,05,0.9224275350570679
gemini-embedding-2@3072|sim,low/same-identifiers,06,0.9187330007553101
gemini-embedding-2@3072|sim,low/same-identifiers,07,0.9038954377174377
gemini-embedding-2@3072|sim,low/same-identifiers,08,0.8851144313812256
gemini-embedding-2@3072|sim,low/same-identifiers,09,0.9134764075279236
gemini-embedding-2@3072|sim,low/same-identifiers,10,0.9435182809829712
gemini-embedding-2@3072|sim,low/small-shared-fragment,01,0.7366555333137512
gemini-embedding-2@3072|sim,low/small-shared-fragment,02,0.8007413148880005
gemini-embedding-2@3072|sim,low/small-shared-fragment,03,0.8412633538246155
gemini-embedding-2@3072|sim,low/small-shared-fragment,04,0.7652825713157654
gemini-embedding-2@3072|sim,low/small-shared-fragment,05,0.833698034286499
gemini-embedding-2@3072|sim,low/small-shared-fragment,06,0.8303182721138
gemini-embedding-2@3072|sim,low/small-shared-fragment,07,0.7477774620056152
gemini-embedding-2@3072|sim,low/small-shared-fragment,08,0.8639992475509644
gemini-embedding-2@3072|sim,low/small-shared-fragment,09,0.8265940546989441
gemini-embedding-2@3072|sim,low/small-shared-fragment,10,0.7970989942550659
gemini-embedding-2@3072|sim,low/small-shared-fragments-large,01,0.8036412000656128
gemini-embedding-2@3072|sim,low/small-shared-fragments-large,02,0.7830595374107361
gemini-embedding-2@3072|sim,low/small-shared-fragments-large,03,0.8035686612129211
gemini-embedding-2@3072|sim,low/small-shared-fragments-large,04,0.8412725925445557
gemini-embedding-2@3072|sim,low/small-shared-fragments-large,05,0.8676853775978088
gemini-embedding-2@3072|sim,low/small-shared-fragments-large,06,0.8122965693473816
gemini-embedding-2@3072|sim,low/small-shared-fragments-large,07,0.8100817799568176
gemini-embedding-2@3072|sim,low/small-shared-fragments-large,08,0.855738639831543
gemini-embedding-2@3072|sim,low/small-shared-fragments-large,09,0.8285866975784302
gemini-embedding-2@3072|sim,low/small-shared-fragments-large,10,0.8537840843200684
gemini-embedding-2@3072|sim,low/same-boilerplate,01,0.8227399587631226
gemini-embedding-2@3072|sim,low/same-boilerplate,02,0.8424707651138306
gemini-embedding-2@3072|sim,low/same-boilerplate,03,0.9327202439308167
gemini-embedding-2@3072|sim,low/same-boilerplate,04,0.8250076174736023
gemini-embedding-2@3072|sim,low/same-boilerplate,05,0.8431674242019653
gemini-embedding-2@3072|sim,low/same-boilerplate,06,0.832301914691925
gemini-embedding-2@3072|sim,low/same-boilerplate,07,0.8406485319137573
gemini-embedding-2@3072|sim,low/same-boilerplate,08,0.8478252291679382
gemini-embedding-2@3072|sim,low/same-boilerplate,09,0.8012838363647461
gemini-embedding-2@3072|sim,low/same-boilerplate,10,0.8439155220985413
gemini-embedding-2@3072|sim,low/code-and-text,01,0.7331184148788452
gemini-embedding-2@3072|sim,low/code-and-text,02,0.6903865337371826
gemini-embedding-2@3072|sim,low/code-and-text,03,0.7339884638786316
gemini-embedding-2@3072|sim,low/code-and-text,04,0.7376623749732971
gemini-embedding-2@3072|sim,low/code-and-text,05,0.7227861881256104
gemini-embedding-2@3072|sim,low/code-and-text,06,0.7391470074653625
gemini-embedding-2@3072|sim,low/code-and-text,07,0.7382150888442993
gemini-embedding-2@3072|sim,low/code-and-text,08,0.7746222615242004
gemini-embedding-2@3072|sim,low/code-and-text,09,0.7226706743240356
gemini-embedding-2@3072|sim,low/code-and-text,10,0.6891552209854126
jina-embeddings-v2-base-code@768|local,high/exact-copy,01,1.0000001192092896
jina-embeddings-v2-base-code@768|local,high/exact-copy,02,1.0
jina-embeddings-v2-base-code@768|local,high/exact-copy,03,1.0000001192092896
jina-embeddings-v2-base-code@768|local,high/exact-copy,04,1.0
jina-embeddings-v2-base-code@768|local,high/exact-copy,05,1.0
jina-embeddings-v2-base-code@768|local,high/exact-copy,06,1.0000001192092896
jina-embeddings-v2-base-code@768|local,high/exact-copy,07,1.0
jina-embeddings-v2-base-code@768|local,high/exact-copy,08,1.0
jina-embeddings-v2-base-code@768|local,high/exact-copy,09,1.0000001192092896
jina-embeddings-v2-base-code@768|local,high/exact-copy,10,1.0
jina-embeddings-v2-base-code@768|local,high/formatting,01,0.9936932325363159
jina-embeddings-v2-base-code@768|local,high/formatting,02,0.9933377504348755
jina-embeddings-v2-base-code@768|local,high/formatting,03,0.9880634546279907
jina-embeddings-v2-base-code@768|local,high/formatting,04,0.9901052713394165
jina-embeddings-v2-base-code@768|local,high/formatting,05,0.9958471655845642
jina-embeddings-v2-base-code@768|local,high/formatting,06,0.9945724010467529
jina-embeddings-v2-base-code@768|local,high/formatting,07,0.9781135320663452
jina-embeddings-v2-base-code@768|local,high/formatting,08,0.9820635914802551
jina-embeddings-v2-base-code@768|local,high/formatting,09,0.9795973300933838
jina-embeddings-v2-base-code@768|local,high/formatting,10,0.9843003749847412
jina-embeddings-v2-base-code@768|local,high/lang-similar-syntax,01,0.9866734743118286
jina-embeddings-v2-base-code@768|local,high/lang-similar-syntax,02,0.9484034180641174
jina-embeddings-v2-base-code@768|local,high/lang-similar-syntax,03,0.9147705435752869
jina-embeddings-v2-base-code@768|local,high/lang-similar-syntax,04,0.9324333071708679
jina-embeddings-v2-base-code@768|local,high/lang-similar-syntax,05,0.9743077754974365
jina-embeddings-v2-base-code@768|local,high/lang-similar-syntax,06,0.9618828296661377
jina-embeddings-v2-base-code@768|local,high/lang-similar-syntax,07,0.9369864463806152
jina-embeddings-v2-base-code@768|local,high/lang-similar-syntax,08,0.9701389074325562
jina-embeddings-v2-base-code@768|local,high/lang-similar-syntax,09,0.9658457040786743
jina-embeddings-v2-base-code@768|local,high/lang-similar-syntax,10,0.9369164705276489
jina-embeddings-v2-base-code@768|local,high/lang-different-syntax,01,0.7673772573471069
jina-embeddings-v2-base-code@768|local,high/lang-different-syntax,02,0.7418145537376404
jina-embeddings-v2-base-code@768|local,high/lang-different-syntax,03,0.9391912817955017
jina-embeddings-v2-base-code@768|local,high/lang-different-syntax,04,0.9561846256256104
jina-embeddings-v2-base-code@768|local,high/lang-different-syntax,05,0.7696890830993652
jina-embeddings-v2-base-code@768|local,high/lang-different-syntax,06,0.9208776950836182
jina-embeddings-v2-base-code@768|local,high/lang-different-syntax,07,0.8530905246734619
jina-embeddings-v2-base-code@768|local,high/lang-different-syntax,08,0.9310125708580017
jina-embeddings-v2-base-code@768|local,high/lang-different-syntax,09,0.955811619758606
jina-embeddings-v2-base-code@768|local,high/lang-different-syntax,10,0.927911102771759
jina-embeddings-v2-base-code@768|local,high/renamed-identifiers,01,0.9044846296310425
jina-embeddings-v2-base-code@768|local,high/renamed-identifiers,02,0.8504748940467834
jina-embeddings-v2-base-code@768|local,high/renamed-identifiers,03,0.9114347696304321
jina-embeddings-v2-base-code@768|local,high/renamed-identifiers,04,0.7394653558731079
jina-embeddings-v2-base-code@768|local,high/renamed-identifiers,05,0.848207414150238
jina-embeddings-v2-base-code@768|local,high/renamed-identifiers,06,0.7900068759918213
jina-embeddings-v2-base-code@768|local,high/renamed-identifiers,07,0.5774062871932983
jina-embeddings-v2-base-code@768|local,high/renamed-identifiers,08,0.7627332210540771
jina-embeddings-v2-base-code@768|local,high/renamed-identifiers,09,0.8036871552467346
jina-embeddings-v2-base-code@768|local,high/renamed-identifiers,10,0.8416213989257812
jina-embeddings-v2-base-code@768|local,high/different-literals,01,0.9545849561691284
jina-embeddings-v2-base-code@768|local,high/different-literals,02,0.8696590662002563
jina-embeddings-v2-base-code@768|local,high/different-literals,03,0.9621042013168335
jina-embeddings-v2-base-code@768|local,high/different-literals,04,0.9907575249671936
jina-embeddings-v2-base-code@768|local,high/different-literals,05,0.9798395037651062
jina-embeddings-v2-base-code@768|local,high/different-literals,06,0.9668372869491577
jina-embeddings-v2-base-code@768|local,high/different-literals,07,0.935825765132904
jina-embeddings-v2-base-code@768|local,high/different-literals,08,0.964661717414856
jina-embeddings-v2-base-code@768|local,high/different-literals,09,0.9749906659126282
jina-embeddings-v2-base-code@768|local,high/different-literals,10,0.9433284997940063
jina-embeddings-v2-base-code@768|local,high/reordered-statements,01,0.9912402629852295
jina-embeddings-v2-base-code@768|local,high/reordered-statements,02,0.9460673332214355
jina-embeddings-v2-base-code@768|local,high/reordered-statements,03,0.9923960566520691
jina-embeddings-v2-base-code@768|local,high/reordered-statements,04,0.9960091710090637
jina-embeddings-v2-base-code@768|local,high/reordered-statements,05,0.9943300485610962
jina-embeddings-v2-base-code@768|local,high/reordered-statements,06,0.9961115717887878
jina-embeddings-v2-base-code@768|local,high/reordered-statements,07,0.8708418011665344
jina-embeddings-v2-base-code@768|local,high/reordered-statements,08,0.9820401072502136
jina-embeddings-v2-base-code@768|local,high/reordered-statements,09,0.9986603260040283
jina-embeddings-v2-base-code@768|local,high/reordered-statements,10,0.9831458926200867
jina-embeddings-v2-base-code@768|local,high/refactored-structure,01,0.9883463382720947
jina-embeddings-v2-base-code@768|local,high/refactored-structure,02,0.9804390072822571
jina-embeddings-v2-base-code@768|local,high/refactored-structure,03,0.9397567510604858
jina-embeddings-v2-base-code@768|local,high/refactored-structure,04,0.9948133826255798
jina-embeddings-v2-base-code@768|local,high/refactored-structure,05,0.983159601688385
jina-embeddings-v2-base-code@768|local,high/refactored-structure,06,0.9894118905067444
jina-embeddings-v2-base-code@768|local,high/refactored-structure,07,0.8639857769012451
jina-embeddings-v2-base-code@768|local,high/refactored-structure,08,0.951561689376831
jina-embeddings-v2-base-code@768|local,high/refactored-structure,09,0.9858710169792175
jina-embeddings-v2-base-code@768|local,high/refactored-structure,10,0.9867269992828369
jina-embeddings-v2-base-code@768|local,high/small-addition,01,0.9929550886154175
jina-embeddings-v2-base-code@768|local,high/small-addition,02,0.9973171353340149
jina-embeddings-v2-base-code@768|local,high/small-addition,03,0.993009090423584
jina-embeddings-v2-base-code@768|local,high/small-addition,04,0.9916250705718994
jina-embeddings-v2-base-code@768|local,high/small-addition,05,0.9555753469467163
jina-embeddings-v2-base-code@768|local,high/small-addition,06,0.9697538614273071
jina-embeddings-v2-base-code@768|local,high/small-addition,07,0.9942429661750793
jina-embeddings-v2-base-code@768|local,high/small-addition,08,0.9994013905525208
jina-embeddings-v2-base-code@768|local,high/small-addition,09,0.9719377160072327
jina-embeddings-v2-base-code@768|local,high/small-addition,10,0.9778003692626953
jina-embeddings-v2-base-code@768|local,high/small-additions-large,01,0.990035891532898
jina-embeddings-v2-base-code@768|local,high/small-additions-large,02,0.9943522810935974
jina-embeddings-v2-base-code@768|local,high/small-additions-large,03,0.9950627088546753
jina-embeddings-v2-base-code@768|local,high/small-additions-large,04,0.9940170645713806
jina-embeddings-v2-base-code@768|local,high/small-additions-large,05,0.9975401759147644
jina-embeddings-v2-base-code@768|local,high/small-additions-large,06,0.99711012840271
jina-embeddings-v2-base-code@768|local,high/small-additions-large,07,0.9968361854553223
jina-embeddings-v2-base-code@768|local,high/small-additions-large,08,0.995220959186554
jina-embeddings-v2-base-code@768|local,high/small-additions-large,09,0.995404064655304
jina-embeddings-v2-base-code@768|local,high/small-additions-large,10,0.9920110106468201
jina-embeddings-v2-base-code@768|local,high/different-algorithm,01,0.7042621970176697
jina-embeddings-v2-base-code@768|local,high/different-algorithm,02,0.6550449728965759
jina-embeddings-v2-base-code@768|local,high/different-algorithm,03,0.551093339920044
jina-embeddings-v2-base-code@768|local,high/different-algorithm,04,0.6239933967590332
jina-embeddings-v2-base-code@768|local,high/different-algorithm,05,0.7453354597091675
jina-embeddings-v2-base-code@768|local,high/different-algorithm,06,0.7300848364830017
jina-embeddings-v2-base-code@768|local,high/different-algorithm,07,0.6766758561134338
jina-embeddings-v2-base-code@768|local,high/different-algorithm,08,0.7125463485717773
jina-embeddings-v2-base-code@768|local,high/different-algorithm,09,0.7672150731086731
jina-embeddings-v2-base-code@768|local,high/different-algorithm,10,0.7523237466812134
jina-embeddings-v2-base-code@768|local,high/transpiled,01,0.9368802905082703
jina-embeddings-v2-base-code@768|local,high/transpiled,02,0.90475994348526
jina-embeddings-v2-base-code@768|local,high/transpiled,03,0.8720033168792725
jina-embeddings-v2-base-code@768|local,high/transpiled,04,0.963994562625885
jina-embeddings-v2-base-code@768|local,high/transpiled,05,0.9404265880584717
jina-embeddings-v2-base-code@768|local,high/transpiled,06,0.9451886415481567
jina-embeddings-v2-base-code@768|local,high/transpiled,07,0.9449087381362915
jina-embeddings-v2-base-code@768|local,high/transpiled,08,0.8933669924736023
jina-embeddings-v2-base-code@768|local,high/transpiled,09,0.86998051404953
jina-embeddings-v2-base-code@768|local,high/transpiled,10,0.9214768409729004
jina-embeddings-v2-base-code@768|local,high/code-and-text,01,0.6648581027984619
jina-embeddings-v2-base-code@768|local,high/code-and-text,02,0.5331879258155823
jina-embeddings-v2-base-code@768|local,high/code-and-text,03,0.6079550385475159
jina-embeddings-v2-base-code@768|local,high/code-and-text,04,0.6345716714859009
jina-embeddings-v2-base-code@768|local,high/code-and-text,05,0.6197150349617004
jina-embeddings-v2-base-code@768|local,high/code-and-text,06,0.7300402522087097
jina-embeddings-v2-base-code@768|local,high/code-and-text,07,0.5327742099761963
jina-embeddings-v2-base-code@768|local,high/code-and-text,08,0.6034718155860901
jina-embeddings-v2-base-code@768|local,high/code-and-text,09,0.4511280357837677
jina-embeddings-v2-base-code@768|local,high/code-and-text,10,0.5549609065055847
jina-embeddings-v2-base-code@768|local,low/unrelated,01,0.04028049111366272
jina-embeddings-v2-base-code@768|local,low/unrelated,02,0.26386740803718567
jina-embeddings-v2-base-code@768|local,low/unrelated,03,0.06618749350309372
jina-embeddings-v2-base-code@768|local,low/unrelated,04,0.11294049024581909
jina-embeddings-v2-base-code@768|local,low/unrelated,05,0.08186890929937363
jina-embeddings-v2-base-code@768|local,low/unrelated,06,0.13291724026203156
jina-embeddings-v2-base-code@768|local,low/unrelated,07,0.13582958281040192
jina-embeddings-v2-base-code@768|local,low/unrelated,08,0.016729075461626053
jina-embeddings-v2-base-code@768|local,low/unrelated,09,0.24329710006713867
jina-embeddings-v2-base-code@768|local,low/unrelated,10,0.25220614671707153
jina-embeddings-v2-base-code@768|local,low/same-identifiers,01,0.8629599809646606
jina-embeddings-v2-base-code@768|local,low/same-identifiers,02,0.7009523510932922
jina-embeddings-v2-base-code@768|local,low/same-identifiers,03,0.6759787797927856
jina-embeddings-v2-base-code@768|local,low/same-identifiers,04,0.8092027306556702
jina-embeddings-v2-base-code@768|local,low/same-identifiers,05,0.8183612823486328
jina-embeddings-v2-base-code@768|local,low/same-identifiers,06,0.8037847280502319
jina-embeddings-v2-base-code@768|local,low/same-identifiers,07,0.8152670860290527
jina-embeddings-v2-base-code@768|local,low/same-identifiers,08,0.7241911888122559
jina-embeddings-v2-base-code@768|local,low/same-identifiers,09,0.8685135245323181
jina-embeddings-v2-base-code@768|local,low/same-identifiers,10,0.7970055341720581
jina-embeddings-v2-base-code@768|local,low/small-shared-fragment,01,0.10171997547149658
jina-embeddings-v2-base-code@768|local,low/small-shared-fragment,02,0.4094068109989166
jina-embeddings-v2-base-code@768|local,low/small-shared-fragment,03,0.4179874658584595
jina-embeddings-v2-base-code@768|local,low/small-shared-fragment,04,0.3024226129055023
jina-embeddings-v2-base-code@768|local,low/small-shared-fragment,05,0.5391273498535156
jina-embeddings-v2-base-code@768|local,low/small-shared-fragment,06,0.40206557512283325
jina-embeddings-v2-base-code@768|local,low/small-shared-fragment,07,0.04821848124265671
jina-embeddings-v2-base-code@768|local,low/small-shared-fragment,08,0.4046822190284729
jina-embeddings-v2-base-code@768|local,low/small-shared-fragment,09,0.08666594326496124
jina-embeddings-v2-base-code@768|local,low/small-shared-fragment,10,0.40852779150009155
jina-embeddings-v2-base-code@768|local,low/small-shared-fragments-large,01,0.3604899048805237
jina-embeddings-v2-base-code@768|local,low/small-shared-fragments-large,02,0.2875764071941376
jina-embeddings-v2-base-code@768|local,low/small-shared-fragments-large,03,0.31954070925712585
jina-embeddings-v2-base-code@768|local,low/small-shared-fragments-large,04,0.26601824164390564
jina-embeddings-v2-base-code@768|local,low/small-shared-fragments-large,05,0.5198206901550293
jina-embeddings-v2-base-code@768|local,low/small-shared-fragments-large,06,0.33885934948921204
jina-embeddings-v2-base-code@768|local,low/small-shared-fragments-large,07,0.3396512567996979
jina-embeddings-v2-base-code@768|local,low/small-shared-fragments-large,08,0.5301475524902344
jina-embeddings-v2-base-code@768|local,low/small-shared-fragments-large,09,0.3050331175327301
jina-embeddings-v2-base-code@768|local,low/small-shared-fragments-large,10,0.6177549362182617
jina-embeddings-v2-base-code@768|local,low/same-boilerplate,01,0.5129404664039612
jina-embeddings-v2-base-code@768|local,low/same-boilerplate,02,0.3816082179546356
jina-embeddings-v2-base-code@768|local,low/same-boilerplate,03,0.7370120286941528
jina-embeddings-v2-base-code@768|local,low/same-boilerplate,04,0.37811949849128723
jina-embeddings-v2-base-code@768|local,low/same-boilerplate,05,0.6362514495849609
jina-embeddings-v2-base-code@768|local,low/same-boilerplate,06,0.4029439389705658
jina-embeddings-v2-base-code@768|local,low/same-boilerplate,07,0.48299548029899597
jina-embeddings-v2-base-code@768|local,low/same-boilerplate,08,0.39805129170417786
jina-embeddings-v2-base-code@768|local,low/same-boilerplate,09,0.2250373810529709
jina-embeddings-v2-base-code@768|local,low/same-boilerplate,10,0.5448873043060303
jina-embeddings-v2-base-code@768|local,low/code-and-text,01,0.37357062101364136
jina-embeddings-v2-base-code@768|local,low/code-and-text,02,0.17444543540477753
jina-embeddings-v2-base-code@768|local,low/code-and-text,03,0.17618857324123383
jina-embeddings-v2-base-code@768|local,low/code-and-text,04,0.3764755129814148
jina-embeddings-v2-base-code@768|local,low/code-and-text,05,0.22279053926467896
jina-embeddings-v2-base-code@768|local,low/code-and-text,06,0.25651058554649353
jina-embeddings-v2-base-code@768|local,low/code-and-text,07,0.20038016140460968
jina-embeddings-v2-base-code@768|local,low/code-and-text,08,0.2673810124397278
jina-embeddings-v2-base-code@768|local,low/code-and-text,09,0.004267713520675898
jina-embeddings-v2-base-code@768|local,low/code-and-text,10,0.10233791917562485
jina-embeddings-v2-base-code@768,high/exact-copy,01,0.9999664425849915
jina-embeddings-v2-base-code@768,high/exact-copy,02,0.9999474883079529
jina-embeddings-v2-base-code@768,high/exact-copy,03,0.9999666213989258
jina-embeddings-v2-base-code@768,high/exact-copy,04,0.9999701976776123
jina-embeddings-v2-base-code@768,high/exact-copy,05,0.9999783635139465
jina-embeddings-v2-base-code@768,high/exact-copy,06,0.9999794363975525
jina-embeddings-v2-base-code@768,high/exact-copy,07,1.0
jina-embeddings-v2-base-code@768,high/exact-copy,08,1.0000001192092896
jina-embeddings-v2-base-code@768,high/exact-copy,09,0.9999891519546509
jina-embeddings-v2-base-code@768,high/exact-copy,10,0.9999869465827942
jina-embeddings-v2-base-code@768,high/formatting,01,0.9936555624008179
jina-embeddings-v2-base-code@768,high/formatting,02,0.9929894804954529
jina-embeddings-v2-base-code@768,high/formatting,03,0.987963080406189
jina-embeddings-v2-base-code@768,high/formatting,04,0.9900903105735779
jina-embeddings-v2-base-code@768,high/formatting,05,0.9956806898117065
jina-embeddings-v2-base-code@768,high/formatting,06,0.9945032000541687
jina-embeddings-v2-base-code@768,high/formatting,07,0.9776362776756287
jina-embeddings-v2-base-code@768,high/formatting,08,0.9816632270812988
jina-embeddings-v2-base-code@768,high/formatting,09,0.979630708694458
jina-embeddings-v2-base-code@768,high/formatting,10,0.9842348694801331
jina-embeddings-v2-base-code@768,high/lang-similar-syntax,01,0.986605167388916
jina-embeddings-v2-base-code@768,high/lang-similar-syntax,02,0.947844922542572
jina-embeddings-v2-base-code@768,high/lang-similar-syntax,03,0.914135217666626
jina-embeddings-v2-base-code@768,high/lang-similar-syntax,04,0.9325491189956665
jina-embeddings-v2-base-code@768,high/lang-similar-syntax,05,0.9742915034294128
jina-embeddings-v2-base-code@768,high/lang-similar-syntax,06,0.9621896743774414
jina-embeddings-v2-base-code@768,high/lang-similar-syntax,07,0.9372993111610413
jina-embeddings-v2-base-code@768,high/lang-similar-syntax,08,0.9696100950241089
jina-embeddings-v2-base-code@768,high/lang-similar-syntax,09,0.9662050604820251
jina-embeddings-v2-base-code@768,high/lang-similar-syntax,10,0.9363591074943542
jina-embeddings-v2-base-code@768,high/lang-different-syntax,01,0.7684794068336487
jina-embeddings-v2-base-code@768,high/lang-different-syntax,02,0.742582380771637
jina-embeddings-v2-base-code@768,high/lang-different-syntax,03,0.9393791556358337
jina-embeddings-v2-base-code@768,high/lang-different-syntax,04,0.9559577107429504
jina-embeddings-v2-base-code@768,high/lang-different-syntax,05,0.7705550193786621
jina-embeddings-v2-base-code@768,high/lang-different-syntax,06,0.922221839427948
jina-embeddings-v2-base-code@768,high/lang-different-syntax,07,0.8547140955924988
jina-embeddings-v2-base-code@768,high/lang-different-syntax,08,0.9321044683456421
jina-embeddings-v2-base-code@768,high/lang-different-syntax,09,0.9560073614120483
jina-embeddings-v2-base-code@768,high/lang-different-syntax,10,0.928266704082489
jina-embeddings-v2-base-code@768,high/renamed-identifiers,01,0.9060331583023071
jina-embeddings-v2-base-code@768,high/renamed-identifiers,02,0.8512710928916931
jina-embeddings-v2-base-code@768,high/renamed-identifiers,03,0.9097615480422974
jina-embeddings-v2-base-code@768,high/renamed-identifiers,04,0.7400633692741394
jina-embeddings-v2-base-code@768,high/renamed-identifiers,05,0.8485662341117859
jina-embeddings-v2-base-code@768,high/renamed-identifiers,06,0.7921637892723083
jina-embeddings-v2-base-code@768,high/renamed-identifiers,07,0.5810661315917969
jina-embeddings-v2-base-code@768,high/renamed-identifiers,08,0.7639166116714478
jina-embeddings-v2-base-code@768,high/renamed-identifiers,09,0.803952157497406
jina-embeddings-v2-base-code@768,high/renamed-identifiers,10,0.8425905704498291
jina-embeddings-v2-base-code@768,high/different-literals,01,0.9540098309516907
jina-embeddings-v2-base-code@768,high/different-literals,02,0.8706198334693909
jina-embeddings-v2-base-code@768,high/different-literals,03,0.9620993733406067
jina-embeddings-v2-base-code@768,high/different-literals,04,0.9907060861587524
jina-embeddings-v2-base-code@768,high/different-literals,05,0.9800543189048767
jina-embeddings-v2-base-code@768,high/different-literals,06,0.9668145775794983
jina-embeddings-v2-base-code@768,high/different-literals,07,0.9358841180801392
jina-embeddings-v2-base-code@768,high/different-literals,08,0.9651824831962585
jina-embeddings-v2-base-code@768,high/different-literals,09,0.9751221537590027
jina-embeddings-v2-base-code@768,high/different-literals,10,0.944401741027832
jina-embeddings-v2-base-code@768,high/reordered-statements,01,0.9913416504859924
jina-embeddings-v2-base-code@768,high/reordered-statements,02,0.9450576305389404
jina-embeddings-v2-base-code@768,high/reordered-statements,03,0.9926840662956238
jina-embeddings-v2-base-code@768,high/reordered-statements,04,0.9960241317749023
jina-embeddings-v2-base-code@768,high/reordered-statements,05,0.9941317439079285
jina-embeddings-v2-base-code@768,high/reordered-statements,06,0.9960658550262451
jina-embeddings-v2-base-code@768,high/reordered-statements,07,0.8707001805305481
jina-embeddings-v2-base-code@768,high/reordered-statements,08,0.9814479351043701
jina-embeddings-v2-base-code@768,high/reordered-statements,09,0.9986367225646973
jina-embeddings-v2-base-code@768,high/reordered-statements,10,0.983083188533783
jina-embeddings-v2-base-code@768,high/refactored-structure,01,0.9883918166160583
jina-embeddings-v2-base-code@768,high/refactored-structure,02,0.9808680415153503
jina-embeddings-v2-base-code@768,high/refactored-structure,03,0.9414340257644653
jina-embeddings-v2-base-code@768,high/refactored-structure,04,0.9948400855064392
jina-embeddings-v2-base-code@768,high/refactored-structure,05,0.9833640456199646
jina-embeddings-v2-base-code@768,high/refactored-structure,06,0.9898567199707031
jina-embeddings-v2-base-code@768,high/refactored-structure,07,0.8637014031410217
jina-embeddings-v2-base-code@768,high/refactored-structure,08,0.9523035883903503
jina-embeddings-v2-base-code@768,high/refactored-structure,09,0.985985279083252
jina-embeddings-v2-base-code@768,high/refactored-structure,10,0.9866926670074463
jina-embeddings-v2-base-code@768,high/small-addition,01,0.9929640293121338
jina-embeddings-v2-base-code@768,high/small-addition,02,0.9971998333930969
jina-embeddings-v2-base-code@768,high/small-addition,03,0.9935239553451538
jina-embeddings-v2-base-code@768,high/small-addition,04,0.9914156198501587
jina-embeddings-v2-base-code@768,high/small-addition,05,0.9556854367256165
jina-embeddings-v2-base-code@768,high/small-addition,06,0.9697707891464233
jina-embeddings-v2-base-code@768,high/small-addition,07,0.9942762851715088
jina-embeddings-v2-base-code@768,high/small-addition,08,0.9992794990539551
jina-embeddings-v2-base-code@768,high/small-addition,09,0.9722279906272888
jina-embeddings-v2-base-code@768,high/small-addition,10,0.9782863855361938
jina-embeddings-v2-base-code@768,high/small-additions-large,01,0.9899974465370178
jina-embeddings-v2-base-code@768,high/small-additions-large,02,0.9942690134048462
jina-embeddings-v2-base-code@768,high/small-additions-large,03,0.9951286315917969
jina-embeddings-v2-base-code@768,high/small-additions-large,04,0.9938858151435852
jina-embeddings-v2-base-code@768,high/small-additions-large,05,0.9974991679191589
jina-embeddings-v2-base-code@768,high/small-additions-large,06,0.9971290230751038
jina-embeddings-v2-base-code@768,high/small-additions-large,07,0.9968221783638
jina-embeddings-v2-base-code@768,high/small-additions-large,08,0.9950995445251465
jina-embeddings-v2-base-code@768,high/small-additions-large,09,0.9953905344009399
jina-embeddings-v2-base-code@768,high/small-additions-large,10,0.9919022917747498
jina-embeddings-v2-base-code@768,high/different-algorithm,01,0.7046200633049011
jina-embeddings-v2-base-code@768,high/different-algorithm,02,0.6570782661437988
jina-embeddings-v2-base-code@768,high/different-algorithm,03,0.5522010922431946
jina-embeddings-v2-base-code@768,high/different-algorithm,04,0.6263834834098816
jina-embeddings-v2-base-code@768,high/different-algorithm,05,0.7473191022872925
jina-embeddings-v2-base-code@768,high/different-algorithm,06,0.7314473986625671
jina-embeddings-v2-base-code@768,high/different-algorithm,07,0.6796116232872009
jina-embeddings-v2-base-code@768,high/different-algorithm,08,0.7125471830368042
jina-embeddings-v2-base-code@768,high/different-algorithm,09,0.7692659497261047
jina-embeddings-v2-base-code@768,high/different-algorithm,10,0.7510412931442261
jina-embeddings-v2-base-code@768,high/transpiled,01,0.9376215934753418
jina-embeddings-v2-base-code@768,high/transpiled,02,0.9056377410888672
jina-embeddings-v2-base-code@768,high/transpiled,03,0.870820939540863
jina-embeddings-v2-base-code@768,high/transpiled,04,0.9642791748046875
jina-embeddings-v2-base-code@768,high/transpiled,05,0.9394542574882507
jina-embeddings-v2-base-code@768,high/transpiled,06,0.9455807209014893
jina-embeddings-v2-base-code@768,high/transpiled,07,0.9442840814590454
jina-embeddings-v2-base-code@768,high/transpiled,08,0.8932334780693054
jina-embeddings-v2-base-code@768,high/transpiled,09,0.8696774840354919
jina-embeddings-v2-base-code@768,high/transpiled,10,0.9211666584014893
jina-embeddings-v2-base-code@768,high/code-and-text,01,0.6664316654205322
jina-embeddings-v2-base-code@768,high/code-and-text,02,0.5342481732368469
jina-embeddings-v2-base-code@768,high/code-and-text,03,0.6083325743675232
jina-embeddings-v2-base-code@768,high/code-and-text,04,0.6359666585922241
jina-embeddings-v2-base-code@768,high/code-and-text,05,0.6209321618080139
jina-embeddings-v2-base-code@768,high/code-and-text,06,0.7313568592071533
jina-embeddings-v2-base-code@768,high/code-and-text,07,0.535968005657196
jina-embeddings-v2-base-code@768,high/code-and-text,08,0.6063554286956787
jina-embeddings-v2-base-code@768,high/code-and-text,09,0.45319047570228577
jina-embeddings-v2-base-code@768,high/code-and-text,10,0.5566122531890869
jina-embeddings-v2-base-code@768,low/unrelated,01,0.04263051599264145
jina-embeddings-v2-base-code@768,low/unrelated,02,0.26493310928344727
jina-embeddings-v2-base-code@768,low/unrelated,03,0.06694119423627853
jina-embeddings-v2-base-code@768,low/unrelated,04,0.1146743968129158
jina-embeddings-v2-base-code@768,low/unrelated,05,0.08380647003650665
jina-embeddings-v2-base-code@768,low/unrelated,06,0.13398249447345734
jina-embeddings-v2-base-code@768,low/unrelated,07,0.13896708190441132
jina-embeddings-v2-base-code@768,low/unrelated,08,0.019335033372044563
jina-embeddings-v2-base-code@768,low/unrelated,09,0.24554401636123657
jina-embeddings-v2-base-code@768,low/unrelated,10,0.25228142738342285
jina-embeddings-v2-base-code@768,low/same-identifiers,01,0.8639091849327087
jina-embeddings-v2-base-code@768,low/same-identifiers,02,0.7029034495353699
jina-embeddings-v2-base-code@768,low/same-identifiers,03,0.6776025295257568
jina-embeddings-v2-base-code@768,low/same-identifiers,04,0.8100242614746094
jina-embeddings-v2-base-code@768,low/same-identifiers,05,0.8182232975959778
jina-embeddings-v2-base-code@768,low/same-identifiers,06,0.8026829361915588
jina-embeddings-v2-base-code@768,low/same-identifiers,07,0.817584753036499
jina-embeddings-v2-base-code@768,low/same-identifiers,08,0.7237594127655029
jina-embeddings-v2-base-code@768,low/same-identifiers,09,0.866835355758667
jina-embeddings-v2-base-code@768,low/same-identifiers,10,0.7978335022926331
jina-embeddings-v2-base-code@768,low/small-shared-fragment,01,0.10243330895900726
jina-embeddings-v2-base-code@768,low/small-shared-fragment,02,0.4112612009048462
jina-embeddings-v2-base-code@768,low/small-shared-fragment,03,0.4199994206428528
jina-embeddings-v2-base-code@768,low/small-shared-fragment,04,0.3047391474246979
jina-embeddings-v2-base-code@768,low/small-shared-fragment,05,0.5389159917831421
jina-embeddings-v2-base-code@768,low/small-shared-fragment,06,0.40431690216064453
jina-embeddings-v2-base-code@768,low/small-shared-fragment,07,0.05324513092637062
jina-embeddings-v2-base-code@768,low/small-shared-fragment,08,0.405985027551651
jina-embeddings-v2-base-code@768,low/small-shared-fragment,09,0.0884014442563057
jina-embeddings-v2-base-code@768,low/small-shared-fragment,10,0.41154637932777405
jina-embeddings-v2-base-code@768,low/small-shared-fragments-large,01,0.3608469069004059
jina-embeddings-v2-base-code@768,low/small-shared-fragments-large,02,0.2892659604549408
jina-embeddings-v2-base-code@768,low/small-shared-fragments-large,03,0.32063400745391846
jina-embeddings-v2-base-code@768,low/small-shared-fragments-large,04,0.2647038996219635
jina-embeddings-v2-base-code@768,low/small-shared-fragments-large,05,0.520727276802063
jina-embeddings-v2-base-code@768,low/small-shared-fragments-large,06,0.3391489088535309
jina-embeddings-v2-base-code@768,low/small-shared-fragments-large,07,0.3418879210948944
jina-embeddings-v2-base-code@768,low/small-shared-fragments-large,08,0.5333655476570129
jina-embeddings-v2-base-code@768,low/small-shared-fragments-large,09,0.304677277803421
jina-embeddings-v2-base-code@768,low/small-shared-fragments-large,10,0.6200790405273438
jina-embeddings-v2-base-code@768,low/same-boilerplate,01,0.5154788494110107
jina-embeddings-v2-base-code@768,low/same-boilerplate,02,0.38170745968818665
jina-embeddings-v2-base-code@768,low/same-boilerplate,03,0.7377194762229919
jina-embeddings-v2-base-code@768,low/same-boilerplate,04,0.3789806663990021
jina-embeddings-v2-base-code@768,low/same-boilerplate,05,0.6372265219688416
jina-embeddings-v2-base-code@768,low/same-boilerplate,06,0.40356048941612244
jina-embeddings-v2-base-code@768,low/same-boilerplate,07,0.4810115396976471
jina-embeddings-v2-base-code@768,low/same-boilerplate,08,0.3989480137825012
jina-embeddings-v2-base-code@768,low/same-boilerplate,09,0.22613652050495148
jina-embeddings-v2-base-code@768,low/same-boilerplate,10,0.5441001057624817
jina-embeddings-v2-base-code@768,low/code-and-text,01,0.375357985496521
jina-embeddings-v2-base-code@768,low/code-and-text,02,0.17618054151535034
jina-embeddings-v2-base-code@768,low/code-and-text,03,0.17769914865493774
jina-embeddings-v2-base-code@768,low/code-and-text,04,0.3774467706680298
jina-embeddings-v2-base-code@768,low/code-and-text,05,0.2228064388036728
jina-embeddings-v2-base-code@768,low/code-and-text,06,0.25694769620895386
jina-embeddings-v2-base-code@768,low/code-and-text,07,0.20129431784152985
jina-embeddings-v2-base-code@768,low/code-and-text,08,0.26975932717323303
jina-embeddings-v2-base-code@768,low/code-and-text,09,0.004714237060397863
jina-embeddings-v2-base-code@768,low/code-and-text,10,0.1042170524597168
jina-code-embeddings-1.5b@1536,high/exact-copy,01,0.9999828338623047
jina-code-embeddings-1.5b@1536,high/exact-copy,02,1.0000001192092896
jina-code-embeddings-1.5b@1536,high/exact-copy,03,0.9999973773956299
jina-code-embeddings-1.5b@1536,high/exact-copy,04,0.9999927282333374
jina-code-embeddings-1.5b@1536,high/exact-copy,05,0.9999881386756897
jina-code-embeddings-1.5b@1536,high/exact-copy,06,0.9999959468841553
jina-code-embeddings-1.5b@1536,high/exact-copy,07,0.9999949932098389
jina-code-embeddings-1.5b@1536,high/exact-copy,08,0.9999856948852539
jina-code-embeddings-1.5b@1536,high/exact-copy,09,0.999992311000824
jina-code-embeddings-1.5b@1536,high/exact-copy,10,0.9999813437461853
jina-code-embeddings-1.5b@1536,high/formatting,01,0.9984428286552429
jina-code-embeddings-1.5b@1536,high/formatting,02,0.9949054718017578
jina-code-embeddings-1.5b@1536,high/formatting,03,0.9908937215805054
jina-code-embeddings-1.5b@1536,high/formatting,04,0.9964501261711121
jina-code-embeddings-1.5b@1536,high/formatting,05,0.9977136850357056
jina-code-embeddings-1.5b@1536,high/formatting,06,0.9972312450408936
jina-code-embeddings-1.5b@1536,high/formatting,07,0.9986793398857117
jina-code-embeddings-1.5b@1536,high/formatting,08,0.9972874522209167
jina-code-embeddings-1.5b@1536,high/formatting,09,0.9957792162895203
jina-code-embeddings-1.5b@1536,high/formatting,10,0.9774250984191895
jina-code-embeddings-1.5b@1536,high/lang-similar-syntax,01,0.96907639503479
jina-code-embeddings-1.5b@1536,high/lang-similar-syntax,02,0.9710350036621094
jina-code-embeddings-1.5b@1536,high/lang-similar-syntax,03,0.9405337572097778
jina-code-embeddings-1.5b@1536,high/lang-similar-syntax,04,0.9484997391700745
jina-code-embeddings-1.5b@1536,high/lang-similar-syntax,05,0.958322286605835
jina-code-embeddings-1.5b@1536,high/lang-similar-syntax,06,0.9488111734390259
jina-code-embeddings-1.5b@1536,high/lang-similar-syntax,07,0.9264121651649475
jina-code-embeddings-1.5b@1536,high/lang-similar-syntax,08,0.9316033124923706
jina-code-embeddings-1.5b@1536,high/lang-similar-syntax,09,0.8837282657623291
jina-code-embeddings-1.5b@1536,high/lang-similar-syntax,10,0.7861534357070923
jina-code-embeddings-1.5b@1536,high/lang-different-syntax,01,0.7647371888160706
jina-code-embeddings-1.5b@1536,high/lang-different-syntax,02,0.7295898199081421
jina-code-embeddings-1.5b@1536,high/lang-different-syntax,03,0.9399378299713135
jina-code-embeddings-1.5b@1536,high/lang-different-syntax,04,0.9132323265075684
jina-code-embeddings-1.5b@1536,high/lang-different-syntax,05,0.8722404837608337
jina-code-embeddings-1.5b@1536,high/lang-different-syntax,06,0.930071234703064
jina-code-embeddings-1.5b@1536,high/lang-different-syntax,07,0.8640567064285278
jina-code-embeddings-1.5b@1536,high/lang-different-syntax,08,0.795630931854248
jina-code-embeddings-1.5b@1536,high/lang-different-syntax,09,0.9472330212593079
jina-code-embeddings-1.5b@1536,high/lang-different-syntax,10,0.9322817921638489
jina-code-embeddings-1.5b@1536,high/renamed-identifiers,01,0.7972487211227417
jina-code-embeddings-1.5b@1536,high/renamed-identifiers,02,0.6674870252609253
jina-code-embeddings-1.5b@1536,high/renamed-identifiers,03,0.7966981530189514
jina-code-embeddings-1.5b@1536,high/renamed-identifiers,04,0.6859079003334045
jina-code-embeddings-1.5b@1536,high/renamed-identifiers,05,0.7814778089523315
jina-code-embeddings-1.5b@1536,high/renamed-identifiers,06,0.6762345433235168
jina-code-embeddings-1.5b@1536,high/renamed-identifiers,07,0.6192980408668518
jina-code-embeddings-1.5b@1536,high/renamed-identifiers,08,0.6594946980476379
jina-code-embeddings-1.5b@1536,high/renamed-identifiers,09,0.7705008387565613
jina-code-embeddings-1.5b@1536,high/renamed-identifiers,10,0.9467654824256897
jina-code-embeddings-1.5b@1536,high/different-literals,01,0.8902446031570435
jina-code-embeddings-1.5b@1536,high/different-literals,02,0.7670910954475403
jina-code-embeddings-1.5b@1536,high/different-literals,03,0.8805162906646729
jina-code-embeddings-1.5b@1536,high/different-literals,04,0.8794687390327454
jina-code-embeddings-1.5b@1536,high/different-literals,05,0.9262868165969849
jina-code-embeddings-1.5b@1536,high/different-literals,06,0.893096923828125
jina-code-embeddings-1.5b@1536,high/different-literals,07,0.9403259754180908
jina-code-embeddings-1.5b@1536,high/different-literals,08,0.9182952046394348
jina-code-embeddings-1.5b@1536,high/different-literals,09,0.869229257106781
jina-code-embeddings-1.5b@1536,high/different-literals,10,0.8351977467536926
jina-code-embeddings-1.5b@1536,high/reordered-statements,01,0.9690585136413574
jina-code-embeddings-1.5b@1536,high/reordered-statements,02,0.8877864480018616
jina-code-embeddings-1.5b@1536,high/reordered-statements,03,0.9597591161727905
jina-code-embeddings-1.5b@1536,high/reordered-statements,04,0.9892979860305786
jina-code-embeddings-1.5b@1536,high/reordered-statements,05,0.9783642292022705
jina-code-embeddings-1.5b@1536,high/reordered-statements,06,0.9870895147323608
jina-code-embeddings-1.5b@1536,high/reordered-statements,07,0.882236897945404
jina-code-embeddings-1.5b@1536,high/reordered-statements,08,0.9555938243865967
jina-code-embeddings-1.5b@1536,high/reordered-statements,09,0.9907952547073364
jina-code-embeddings-1.5b@1536,high/reordered-statements,10,0.9587154388427734
jina-code-embeddings-1.5b@1536,high/refactored-structure,01,0.9882717728614807
jina-code-embeddings-1.5b@1536,high/refactored-structure,02,0.9838579893112183
jina-code-embeddings-1.5b@1536,high/refactored-structure,03,0.9423982501029968
jina-code-embeddings-1.5b@1536,high/refactored-structure,04,0.9975572824478149
jina-code-embeddings-1.5b@1536,high/refactored-structure,05,0.9709231853485107
jina-code-embeddings-1.5b@1536,high/refactored-structure,06,0.9958186149597168
jina-code-embeddings-1.5b@1536,high/refactored-structure,07,0.924739420413971
jina-code-embeddings-1.5b@1536,high/refactored-structure,08,0.9523410201072693
jina-code-embeddings-1.5b@1536,high/refactored-structure,09,0.993082582950592
jina-code-embeddings-1.5b@1536,high/refactored-structure,10,0.9725362062454224
jina-code-embeddings-1.5b@1536,high/small-addition,01,0.9969132542610168
jina-code-embeddings-1.5b@1536,high/small-addition,02,0.9976699352264404
jina-code-embeddings-1.5b@1536,high/small-addition,03,0.9899641871452332
jina-code-embeddings-1.5b@1536,high/small-addition,04,0.9896364808082581
jina-code-embeddings-1.5b@1536,high/small-addition,05,0.9437167048454285
jina-code-embeddings-1.5b@1536,high/small-addition,06,0.9744729995727539
jina-code-embeddings-1.5b@1536,high/small-addition,07,0.9990551471710205
jina-code-embeddings-1.5b@1536,high/small-addition,08,0.9995092153549194
jina-code-embeddings-1.5b@1536,high/small-addition,09,0.97403883934021
jina-code-embeddings-1.5b@1536,high/small-addition,10,0.9857957363128662
jina-code-embeddings-1.5b@1536,high/small-additions-large,01,0.9962773323059082
jina-code-embeddings-1.5b@1536,high/small-additions-large,02,0.9981006979942322
jina-code-embeddings-1.5b@1536,high/small-additions-large,03,0.9898768663406372
jina-code-embeddings-1.5b@1536,high/small-additions-large,04,0.9951698184013367
jina-code-embeddings-1.5b@1536,high/small-additions-large,05,0.9982601404190063
jina-code-embeddings-1.5b@1536,high/small-additions-large,06,0.9877411127090454
jina-code-embeddings-1.5b@1536,high/small-additions-large,07,0.9937084913253784
jina-code-embeddings-1.5b@1536,high/small-additions-large,08,0.996296763420105
jina-code-embeddings-1.5b@1536,high/small-additions-large,09,0.9981135129928589
jina-code-embeddings-1.5b@1536,high/small-additions-large,10,0.993178129196167
jina-code-embeddings-1.5b@1536,high/different-algorithm,01,0.6895924210548401
jina-code-embeddings-1.5b@1536,high/different-algorithm,02,0.6768442988395691
jina-code-embeddings-1.5b@1536,high/different-algorithm,03,0.6987696886062622
jina-code-embeddings-1.5b@1536,high/different-algorithm,04,0.7845245599746704
jina-code-embeddings-1.5b@1536,high/different-algorithm,05,0.8062247633934021
jina-code-embeddings-1.5b@1536,high/different-algorithm,06,0.7679257988929749
jina-code-embeddings-1.5b@1536,high/different-algorithm,07,0.8086647391319275
jina-code-embeddings-1.5b@1536,high/different-algorithm,08,0.6674153208732605
jina-code-embeddings-1.5b@1536,high/different-algorithm,09,0.791916012763977
jina-code-embeddings-1.5b@1536,high/different-algorithm,10,0.7978377342224121
jina-code-embeddings-1.5b@1536,high/transpiled,01,0.9678366184234619
jina-code-embeddings-1.5b@1536,high/transpiled,02,0.9783403873443604
jina-code-embeddings-1.5b@1536,high/transpiled,03,0.9415357708930969
jina-code-embeddings-1.5b@1536,high/transpiled,04,0.9819111227989197
jina-code-embeddings-1.5b@1536,high/transpiled,05,0.9401596784591675
jina-code-embeddings-1.5b@1536,high/transpiled,06,0.9572516679763794
jina-code-embeddings-1.5b@1536,high/transpiled,07,0.9704888463020325
jina-code-embeddings-1.5b@1536,high/transpiled,08,0.9028085470199585
jina-code-embeddings-1.5b@1536,high/transpiled,09,0.9128662347793579
jina-code-embeddings-1.5b@1536,high/transpiled,10,0.9485807418823242
jina-code-embeddings-1.5b@1536,high/code-and-text,01,0.6068107485771179
jina-code-embeddings-1.5b@1536,high/code-and-text,02,0.4715729057788849
jina-code-embeddings-1.5b@1536,high/code-and-text,03,0.5793200731277466
jina-code-embeddings-1.5b@1536,high/code-and-text,04,0.5813058614730835
jina-code-embeddings-1.5b@1536,high/code-and-text,05,0.5643948316574097
jina-code-embeddings-1.5b@1536,high/code-and-text,06,0.544181227684021
jina-code-embeddings-1.5b@1536,high/code-and-text,07,0.5710374116897583
jina-code-embeddings-1.5b@1536,high/code-and-text,08,0.6313479542732239
jina-code-embeddings-1.5b@1536,high/code-and-text,09,0.36172208189964294
jina-code-embeddings-1.5b@1536,high/code-and-text,10,0.4727861285209656
jina-code-embeddings-1.5b@1536,low/unrelated,01,-0.03829491510987282
jina-code-embeddings-1.5b@1536,low/unrelated,02,0.24867725372314453
jina-code-embeddings-1.5b@1536,low/unrelated,03,0.0924706757068634
jina-code-embeddings-1.5b@1536,low/unrelated,04,0.12978047132492065
jina-code-embeddings-1.5b@1536,low/unrelated,05,0.20361530780792236
jina-code-embeddings-1.5b@1536,low/unrelated,06,0.13589969277381897
jina-code-embeddings-1.5b@1536,low/unrelated,07,0.13342848420143127
jina-code-embeddings-1.5b@1536,low/unrelated,08,0.13452258706092834
jina-code-embeddings-1.5b@1536,low/unrelated,09,0.20309773087501526
jina-code-embeddings-1.5b@1536,low/unrelated,10,0.23609323799610138
jina-code-embeddings-1.5b@1536,low/same-identifiers,01,0.7259252071380615
jina-code-embeddings-1.5b@1536,low/same-identifiers,02,0.6117303371429443
jina-code-embeddings-1.5b@1536,low/same-identifiers,03,0.6119058132171631
jina-code-embeddings-1.5b@1536,low/same-identifiers,04,0.7157182097434998
jina-code-embeddings-1.5b@1536,low/same-identifiers,05,0.8240424394607544
jina-code-embeddings-1.5b@1536,low/same-identifiers,06,0.7978689670562744
jina-code-embeddings-1.5b@1536,low/same-identifiers,07,0.8021779656410217
jina-code-embeddings-1.5b@1536,low/same-identifiers,08,0.7504370212554932
jina-code-embeddings-1.5b@1536,low/same-identifiers,09,0.8567751049995422
jina-code-embeddings-1.5b@1536,low/same-identifiers,10,0.8986238241195679
jina-code-embeddings-1.5b@1536,low/small-shared-fragment,01,0.15052470564842224
jina-code-embeddings-1.5b@1536,low/small-shared-fragment,02,0.30847495794296265
jina-code-embeddings-1.5b@1536,low/small-shared-fragment,03,0.39631783962249756
jina-code-embeddings-1.5b@1536,low/small-shared-fragment,04,0.249190092086792
jina-code-embeddings-1.5b@1536,low/small-shared-fragment,05,0.35973942279815674
jina-code-embeddings-1.5b@1536,low/small-shared-fragment,06,0.24711664021015167
jina-code-embeddings-1.5b@1536,low/small-shared-fragment,07,0.19721189141273499
jina-code-embeddings-1.5b@1536,low/small-shared-fragment,08,0.39733174443244934
jina-code-embeddings-1.5b@1536,low/small-shared-fragment,09,0.28484588861465454
jina-code-embeddings-1.5b@1536,low/small-shared-fragment,10,0.25995323061943054
jina-code-embeddings-1.5b@1536,low/small-shared-fragments-large,01,0.37942999601364136
jina-code-embeddings-1.5b@1536,low/small-shared-fragments-large,02,0.24228022992610931
jina-code-embeddings-1.5b@1536,low/small-shared-fragments-large,03,0.30122458934783936
jina-code-embeddings-1.5b@1536,low/small-shared-fragments-large,04,0.41258010268211365
jina-code-embeddings-1.5b@1536,low/small-shared-fragments-large,05,0.4219420552253723
jina-code-embeddings-1.5b@1536,low/small-shared-fragments-large,06,0.3899933397769928
jina-code-embeddings-1.5b@1536,low/small-shared-fragments-large,07,0.5283936262130737
jina-code-embeddings-1.5b@1536,low/small-shared-fragments-large,08,0.4237435460090637
jina-code-embeddings-1.5b@1536,low/small-shared-fragments-large,09,0.5153279900550842
jina-code-embeddings-1.5b@1536,low/small-shared-fragments-large,10,0.41339561343193054
jina-code-embeddings-1.5b@1536,low/same-boilerplate,01,0.3246200978755951
jina-code-embeddings-1.5b@1536,low/same-boilerplate,02,0.5005751252174377
jina-code-embeddings-1.5b@1536,low/same-boilerplate,03,0.6345129013061523
jina-code-embeddings-1.5b@1536,low/same-boilerplate,04,0.5125500559806824
jina-code-embeddings-1.5b@1536,low/same-boilerplate,05,0.6016800403594971
jina-code-embeddings-1.5b@1536,low/same-boilerplate,06,0.5460489392280579
jina-code-embeddings-1.5b@1536,low/same-boilerplate,07,0.3837474584579468
jina-code-embeddings-1.5b@1536,low/same-boilerplate,08,0.4536054730415344
jina-code-embeddings-1.5b@1536,low/same-boilerplate,09,0.393348753452301
jina-code-embeddings-1.5b@1536,low/same-boilerplate,10,0.43363526463508606
jina-code-embeddings-1.5b@1536,low/code-and-text,01,0.24901561439037323
jina-code-embeddings-1.5b@1536,low/code-and-text,02,-0.01517403218895197
jina-code-embeddings-1.5b@1536,low/code-and-text,03,0.13509982824325562
jina-code-embeddings-1.5b@1536,low/code-and-text,04,0.12414935231208801
jina-code-embeddings-1.5b@1536,low/code-and-text,05,0.07766379415988922
jina-code-embeddings-1.5b@1536,low/code-and-text,06,0.1789913922548294
jina-code-embeddings-1.5b@1536,low/code-and-text,07,0.10363469272851944
jina-code-embeddings-1.5b@1536,low/code-and-text,08,0.2076101154088974
jina-code-embeddings-1.5b@1536,low/code-and-text,09,0.07948964089155197
jina-code-embeddings-1.5b@1536,low/code-and-text,10,0.10999792069196701
jina-code-embeddings-1.5b@256,high/exact-copy,01,1.0
jina-code-embeddings-1.5b@256,high/exact-copy,02,0.9999916553497314
jina-code-embeddings-1.5b@256,high/exact-copy,03,0.9999969601631165
jina-code-embeddings-1.5b@256,high/exact-copy,04,0.9999898076057434
jina-code-embeddings-1.5b@256,high/exact-copy,05,0.9999871850013733
jina-code-embeddings-1.5b@256,high/exact-copy,06,0.9999920129776001
jina-code-embeddings-1.5b@256,high/exact-copy,07,0.9999958276748657
jina-code-embeddings-1.5b@256,high/exact-copy,08,0.9999999403953552
jina-code-embeddings-1.5b@256,high/exact-copy,09,0.9999960660934448
jina-code-embeddings-1.5b@256,high/exact-copy,10,0.9999899864196777
jina-code-embeddings-1.5b@256,high/formatting,01,0.9986580610275269
jina-code-embeddings-1.5b@256,high/formatting,02,0.9937185049057007
jina-code-embeddings-1.5b@256,high/formatting,03,0.9927899241447449
jina-code-embeddings-1.5b@256,high/formatting,04,0.9971238374710083
jina-code-embeddings-1.5b@256,high/formatting,05,0.9976477026939392
jina-code-embeddings-1.5b@256,high/formatting,06,0.9969991445541382
jina-code-embeddings-1.5b@256,high/formatting,07,0.9990097284317017
jina-code-embeddings-1.5b@256,high/formatting,08,0.9977136850357056
jina-code-embeddings-1.5b@256,high/formatting,09,0.9967430233955383
jina-code-embeddings-1.5b@256,high/formatting,10,0.9802892208099365
jina-code-embeddings-1.5b@256,high/lang-similar-syntax,01,0.9712935090065002
jina-code-embeddings-1.5b@256,high/lang-similar-syntax,02,0.9761036038398743
jina-code-embeddings-1.5b@256,high/lang-similar-syntax,03,0.951728343963623
jina-code-embeddings-1.5b@256,high/lang-similar-syntax,04,0.9575228095054626
jina-code-embeddings-1.5b@256,high/lang-similar-syntax,05,0.9628603458404541
jina-code-embeddings-1.5b@256,high/lang-similar-syntax,06,0.9558625817298889
jina-code-embeddings-1.5b@256,high/lang-similar-syntax,07,0.9329596161842346
jina-code-embeddings-1.5b@256,high/lang-similar-syntax,08,0.9416530728340149
jina-code-embeddings-1.5b@256,high/lang-similar-syntax,09,0.8916430473327637
jina-code-embeddings-1.5b@256,high/lang-similar-syntax,10,0.8080697059631348
jina-code-embeddings-1.5b@256,high/lang-different-syntax,01,0.7979828715324402
jina-code-embeddings-1.5b@256,high/lang-different-syntax,02,0.7754293084144592
jina-code-embeddings-1.5b@256,high/lang-different-syntax,03,0.9479390382766724
jina-code-embeddings-1.5b@256,high/lang-different-syntax,04,0.925274670124054
jina-code-embeddings-1.5b@256,high/lang-different-syntax,05,0.8891627788543701
jina-code-embeddings-1.5b@256,high/lang-different-syntax,06,0.9452512264251709
jina-code-embeddings-1.5b@256,high/lang-different-syntax,07,0.8965744972229004
jina-code-embeddings-1.5b@256,high/lang-different-syntax,08,0.8129349946975708
jina-code-embeddings-1.5b@256,high/lang-different-syntax,09,0.9550829529762268
jina-code-embeddings-1.5b@256,high/lang-different-syntax,10,0.9504141211509705
jina-code-embeddings-1.5b@256,high/renamed-identifiers,01,0.8102027773857117
jina-code-embeddings-1.5b@256,high/renamed-identifiers,02,0.7126573920249939
jina-code-embeddings-1.5b@256,high/renamed-identifiers,03,0.8114290833473206
jina-code-embeddings-1.5b@256,high/renamed-identifiers,04,0.6656760573387146
jina-code-embeddings-1.5b@256,high/renamed-identifiers,05,0.8082351684570312
jina-code-embeddings-1.5b@256,high/renamed-identifiers,06,0.722244381904602
jina-code-embeddings-1.5b@256,high/renamed-identifiers,07,0.6380383372306824
jina-code-embeddings-1.5b@256,high/renamed-identifiers,08,0.6949586868286133
jina-code-embeddings-1.5b@256,high/renamed-identifiers,09,0.75972580909729
jina-code-embeddings-1.5b@256,high/renamed-identifiers,10,0.9558506608009338
jina-code-embeddings-1.5b@256,high/different-literals,01,0.9109830260276794
jina-code-embeddings-1.5b@256,high/different-literals,02,0.7788741588592529
jina-code-embeddings-1.5b@256,high/different-literals,03,0.8946223855018616
jina-code-embeddings-1.5b@256,high/different-literals,04,0.8892006278038025
jina-code-embeddings-1.5b@256,high/different-literals,05,0.9280135035514832
jina-code-embeddings-1.5b@256,high/different-literals,06,0.8857522010803223
jina-code-embeddings-1.5b@256,high/different-literals,07,0.9426559209823608
jina-code-embeddings-1.5b@256,high/different-literals,08,0.9281582236289978
jina-code-embeddings-1.5b@256,high/different-literals,09,0.8682471513748169
jina-code-embeddings-1.5b@256,high/different-literals,10,0.863839864730835
jina-code-embeddings-1.5b@256,high/reordered-statements,01,0.9736906886100769
jina-code-embeddings-1.5b@256,high/reordered-statements,02,0.8925851583480835
jina-code-embeddings-1.5b@256,high/reordered-statements,03,0.9654808640480042
jina-code-embeddings-1.5b@256,high/reordered-statements,04,0.9902856945991516
jina-code-embeddings-1.5b@256,high/reordered-statements,05,0.9768475890159607
jina-code-embeddings-1.5b@256,high/reordered-statements,06,0.988240659236908
jina-code-embeddings-1.5b@256,high/reordered-statements,07,0.8790977001190186
jina-code-embeddings-1.5b@256,high/reordered-statements,08,0.9679303765296936
jina-code-embeddings-1.5b@256,high/reordered-statements,09,0.9931225776672363
jina-code-embeddings-1.5b@256,high/reordered-statements,10,0.9638267755508423
jina-code-embeddings-1.5b@256,high/refactored-structure,01,0.9882947206497192
jina-code-embeddings-1.5b@256,high/refactored-structure,02,0.9853805899620056
jina-code-embeddings-1.5b@256,high/refactored-structure,03,0.9445073008537292
jina-code-embeddings-1.5b@256,high/refactored-structure,04,0.9975945949554443
jina-code-embeddings-1.5b@256,high/refactored-structure,05,0.9735422730445862
jina-code-embeddings-1.5b@256,high/refactored-structure,06,0.9956420063972473
jina-code-embeddings-1.5b@256,high/refactored-structure,07,0.9293818473815918
jina-code-embeddings-1.5b@256,high/refactored-structure,08,0.9616521596908569
jina-code-embeddings-1.5b@256,high/refactored-structure,09,0.9935455918312073
jina-code-embeddings-1.5b@256,high/refactored-structure,10,0.976394772529602
jina-code-embeddings-1.5b@256,high/small-addition,01,0.9973788261413574
jina-code-embeddings-1.5b@256,high/small-addition,02,0.9976997971534729
jina-code-embeddings-1.5b@256,high/small-addition,03,0.9899841547012329
jina-code-embeddings-1.5b@256,high/small-addition,04,0.9893878698348999
jina-code-embeddings-1.5b@256,high/small-addition,05,0.9501433372497559
jina-code-embeddings-1.5b@256,high/small-addition,06,0.978746771812439
jina-code-embeddings-1.5b@256,high/small-addition,07,0.9992631077766418
jina-code-embeddings-1.5b@256,high/small-addition,08,0.9996289014816284
jina-code-embeddings-1.5b@256,high/small-addition,09,0.9741001725196838
jina-code-embeddings-1.5b@256,high/small-addition,10,0.9872618317604065
jina-code-embeddings-1.5b@256,high/small-additions-large,01,0.9967346787452698
jina-code-embeddings-1.5b@256,high/small-additions-large,02,0.9987881779670715
jina-code-embeddings-1.5b@256,high/small-additions-large,03,0.9911953210830688
jina-code-embeddings-1.5b@256,high/small-additions-large,04,0.9958834052085876
jina-code-embeddings-1.5b@256,high/small-additions-large,05,0.9983777403831482
jina-code-embeddings-1.5b@256,high/small-additions-large,06,0.9896491169929504
jina-code-embeddings-1.5b@256,high/small-additions-large,07,0.9949877262115479
jina-code-embeddings-1.5b@256,high/small-additions-large,08,0.9971869587898254
jina-code-embeddings-1.5b@256,high/small-additions-large,09,0.998012900352478
jina-code-embeddings-1.5b@256,high/small-additions-large,10,0.9947450160980225
jina-code-embeddings-1.5b@256,high/different-algorithm,01,0.7104253768920898
jina-code-embeddings-1.5b@256,high/different-algorithm,02,0.6965225338935852
jina-code-embeddings-1.5b@256,high/different-algorithm,03,0.7199368476867676
jina-code-embeddings-1.5b@256,high/different-algorithm,04,0.8153212666511536
jina-code-embeddings-1.5b@256,high/different-algorithm,05,0.8457870483398438
jina-code-embeddings-1.5b@256,high/different-algorithm,06,0.8220614194869995
jina-code-embeddings-1.5b@256,high/different-algorithm,07,0.8393064141273499
jina-code-embeddings-1.5b@256,high/different-algorithm,08,0.6705507636070251
jina-code-embeddings-1.5b@256,high/different-algorithm,09,0.7939929962158203
jina-code-embeddings-1.5b@256,high/different-algorithm,10,0.8394227623939514
jina-code-embeddings-1.5b@256,high/transpiled,01,0.9686722159385681
jina-code-embeddings-1.5b@256,high/transpiled,02,0.9801506996154785
jina-code-embeddings-1.5b@256,high/transpiled,03,0.9521466493606567
jina-code-embeddings-1.5b@256,high/transpiled,04,0.9850826859474182
jina-code-embeddings-1.5b@256,high/transpiled,05,0.9374024868011475
jina-code-embeddings-1.5b@256,high/transpiled,06,0.9558907151222229
jina-code-embeddings-1.5b@256,high/transpiled,07,0.9713720679283142
jina-code-embeddings-1.5b@256,high/transpiled,08,0.9105501174926758
jina-code-embeddings-1.5b@256,high/transpiled,09,0.9196991324424744
jina-code-embeddings-1.5b@256,high/transpiled,10,0.9532949328422546
jina-code-embeddings-1.5b@256,high/code-and-text,01,0.6670907735824585
jina-code-embeddings-1.5b@256,high/code-and-text,02,0.4631696045398712
jina-code-embeddings-1.5b@256,high/code-and-text,03,0.6135053634643555
jina-code-embeddings-1.5b@256,high/code-and-text,04,0.6116854548454285
jina-code-embeddings-1.5b@256,high/code-and-text,05,0.5548267960548401
jina-code-embeddings-1.5b@256,high/code-and-text,06,0.5710367560386658
jina-code-embeddings-1.5b@256,high/code-and-text,07,0.6235588192939758
jina-code-embeddings-1.5b@256,high/code-and-text,08,0.6644452214241028
jina-code-embeddings-1.5b@256,high/code-and-text,09,0.4379320442676544
jina-code-embeddings-1.5b@256,high/code-and-text,10,0.5407193303108215
jina-code-embeddings-1.5b@256,low/unrelated,01,-0.031833816319704056
jina-code-embeddings-1.5b@256,low/unrelated,02,0.19298726320266724
jina-code-embeddings-1.5b@256,low/unrelated,03,0.0843186154961586
jina-code-embeddings-1.5b@256,low/unrelated,04,0.08597005903720856
jina-code-embeddings-1.5b@256,low/unrelated,05,0.2918285131454468
jina-code-embeddings-1.5b@256,low/unrelated,06,0.1290559619665146
jina-code-embeddings-1.5b@256,low/unrelated,07,0.14032690227031708
jina-code-embeddings-1.5b@256,low/unrelated,08,0.13765960931777954
jina-code-embeddings-1.5b@256,low/unrelated,09,0.0964379757642746
jina-code-embeddings-1.5b@256,low/unrelated,10,0.18395832180976868
jina-code-embeddings-1.5b@256,low/same-identifiers,01,0.7754190564155579
jina-code-embeddings-1.5b@256,low/same-identifiers,02,0.5942952632904053
jina-code-embeddings-1.5b@256,low/same-identifiers,03,0.6180143356323242
jina-code-embeddings-1.5b@256,low/same-identifiers,04,0.709730863571167
jina-code-embeddings-1.5b@256,low/same-identifiers,05,0.8150708675384521
jina-code-embeddings-1.5b@256,low/same-identifiers,06,0.7953789830207825
jina-code-embeddings-1.5b@256,low/same-identifiers,07,0.8125572204589844
jina-code-embeddings-1.5b@256,low/same-identifiers,08,0.7762544751167297
jina-code-embeddings-1.5b@256,low/same-identifiers,09,0.8597449660301208
jina-code-embeddings-1.5b@256,low/same-identifiers,10,0.8951611518859863
jina-code-embeddings-1.5b@256,low/small-shared-fragment,01,0.22464528679847717
jina-code-embeddings-1.5b@256,low/small-shared-fragment,02,0.2509980797767639
jina-code-embeddings-1.5b@256,low/small-shared-fragment,03,0.4328669309616089
jina-code-embeddings-1.5b@256,low/small-shared-fragment,04,0.26126864552497864
jina-code-embeddings-1.5b@256,low/small-shared-fragment,05,0.3918488025665283
jina-code-embeddings-1.5b@256,low/small-shared-fragment,06,0.22776314616203308
jina-code-embeddings-1.5b@256,low/small-shared-fragment,07,0.2683057487010956
jina-code-embeddings-1.5b@256,low/small-shared-fragment,08,0.39256832003593445
jina-code-embeddings-1.5b@256,low/small-shared-fragment,09,0.2354741096496582
jina-code-embeddings-1.5b@256,low/small-shared-fragment,10,0.3219495415687561
jina-code-embeddings-1.5b@256,low/small-shared-fragments-large,01,0.36303597688674927
jina-code-embeddings-1.5b@256,low/small-shared-fragments-large,02,0.17433135211467743
jina-code-embeddings-1.5b@256,low/small-shared-fragments-large,03,0.3652224838733673
jina-code-embeddings-1.5b@256,low/small-shared-fragments-large,04,0.43829837441444397
jina-code-embeddings-1.5b@256,low/small-shared-fragments-large,05,0.4802773892879486
jina-code-embeddings-1.5b@256,low/small-shared-fragments-large,06,0.36829936504364014
jina-code-embeddings-1.5b@256,low/small-shared-fragments-large,07,0.5573632121086121
jina-code-embeddings-1.5b@256,low/small-shared-fragments-large,08,0.4859811067581177
jina-code-embeddings-1.5b@256,low/small-shared-fragments-large,09,0.5335975289344788
jina-code-embeddings-1.5b@256,low/small-shared-fragments-large,10,0.4400736093521118
jina-code-embeddings-1.5b@256,low/same-boilerplate,01,0.2996685206890106
jina-code-embeddings-1.5b@256,low/same-boilerplate,02,0.5135907530784607
jina-code-embeddings-1.5b@256,low/same-boilerplate,03,0.657289981842041
jina-code-embeddings-1.5b@256,low/same-boilerplate,04,0.5607850551605225
jina-code-embeddings-1.5b@256,low/same-boilerplate,05,0.5872542262077332
jina-code-embeddings-1.5b@256,low/same-boilerplate,06,0.5772380828857422
jina-code-embeddings-1.5b@256,low/same-boilerplate,07,0.42654016613960266
jina-code-embeddings-1.5b@256,low/same-boilerplate,08,0.4705101549625397
jina-code-embeddings-1.5b@256,low/same-boilerplate,09,0.47037577629089355
jina-code-embeddings-1.5b@256,low/same-boilerplate,10,0.41759392619132996
jina-code-embeddings-1.5b@256,low/code-and-text,01,0.3362308442592621
jina-code-embeddings-1.5b@256,low/code-and-text,02,-0.04198756814002991
jina-code-embeddings-1.5b@256,low/code-and-text,03,0.11087942123413086
jina-code-embeddings-1.5b@256,low/code-and-text,04,0.15196143090724945
jina-code-embeddings-1.5b@256,low/code-and-text,05,0.1198342815041542
jina-code-embeddings-1.5b@256,low/code-and-text,06,0.2214575856924057
jina-code-embeddings-1.5b@256,low/code-and-text,07,0.15315978229045868
jina-code-embeddings-1.5b@256,low/code-and-text,08,0.24349567294120789
jina-code-embeddings-1.5b@256,low/code-and-text,09,0.11409161984920502
jina-code-embeddings-1.5b@256,low/code-and-text,10,0.1022971123456955
jina-code-embeddings-0.5b@896,high/exact-copy,01,0.9999963045120239
jina-code-embeddings-0.5b@896,high/exact-copy,02,0.9999818205833435
jina-code-embeddings-0.5b@896,high/exact-copy,03,0.9999999403953552
jina-code-embeddings-0.5b@896,high/exact-copy,04,0.9999867677688599
jina-code-embeddings-0.5b@896,high/exact-copy,05,0.9999868869781494
jina-code-embeddings-0.5b@896,high/exact-copy,06,0.9999890327453613
jina-code-embeddings-0.5b@896,high/exact-copy,07,0.9999910593032837
jina-code-embeddings-0.5b@896,high/exact-copy,08,0.9999849796295166
jina-code-embeddings-0.5b@896,high/exact-copy,09,0.9999916553497314
jina-code-embeddings-0.5b@896,high/exact-copy,10,0.9999899864196777
jina-code-embeddings-0.5b@896,high/formatting,01,0.9989681839942932
jina-code-embeddings-0.5b@896,high/formatting,02,0.9918939471244812
jina-code-embeddings-0.5b@896,high/formatting,03,0.993793785572052
jina-code-embeddings-0.5b@896,high/formatting,04,0.9956263303756714
jina-code-embeddings-0.5b@896,high/formatting,05,0.994638204574585
jina-code-embeddings-0.5b@896,high/formatting,06,0.9919716119766235
jina-code-embeddings-0.5b@896,high/formatting,07,0.9904282689094543
jina-code-embeddings-0.5b@896,high/formatting,08,0.9968941807746887
jina-code-embeddings-0.5b@896,high/formatting,09,0.9978482723236084
jina-code-embeddings-0.5b@896,high/formatting,10,0.9867427349090576
jina-code-embeddings-0.5b@896,high/lang-similar-syntax,01,0.9274068474769592
jina-code-embeddings-0.5b@896,high/lang-similar-syntax,02,0.9695302248001099
jina-code-embeddings-0.5b@896,high/lang-similar-syntax,03,0.934218168258667
jina-code-embeddings-0.5b@896,high/lang-similar-syntax,04,0.9266283512115479
jina-code-embeddings-0.5b@896,high/lang-similar-syntax,05,0.945341169834137
jina-code-embeddings-0.5b@896,high/lang-similar-syntax,06,0.9402350783348083
jina-code-embeddings-0.5b@896,high/lang-similar-syntax,07,0.9303649663925171
jina-code-embeddings-0.5b@896,high/lang-similar-syntax,08,0.8960667252540588
jina-code-embeddings-0.5b@896,high/lang-similar-syntax,09,0.8876962065696716
jina-code-embeddings-0.5b@896,high/lang-similar-syntax,10,0.8832851648330688
jina-code-embeddings-0.5b@896,high/lang-different-syntax,01,0.7906895279884338
jina-code-embeddings-0.5b@896,high/lang-different-syntax,02,0.8430575132369995
jina-code-embeddings-0.5b@896,high/lang-different-syntax,03,0.966326117515564
jina-code-embeddings-0.5b@896,high/lang-different-syntax,04,0.9122689962387085
jina-code-embeddings-0.5b@896,high/lang-different-syntax,05,0.8491423726081848
jina-code-embeddings-0.5b@896,high/lang-different-syntax,06,0.8967752456665039
jina-code-embeddings-0.5b@896,high/lang-different-syntax,07,0.9152482748031616
jina-code-embeddings-0.5b@896,high/lang-different-syntax,08,0.8237361907958984
jina-code-embeddings-0.5b@896,high/lang-different-syntax,09,0.9705588221549988
jina-code-embeddings-0.5b@896,high/lang-different-syntax,10,0.9701191186904907
jina-code-embeddings-0.5b@896,high/renamed-identifiers,01,0.7908873558044434
jina-code-embeddings-0.5b@896,high/renamed-identifiers,02,0.6214067935943604
jina-code-embeddings-0.5b@896,high/renamed-identifiers,03,0.8168705105781555
jina-code-embeddings-0.5b@896,high/renamed-identifiers,04,0.5997584462165833
jina-code-embeddings-0.5b@896,high/renamed-identifiers,05,0.6730778813362122
jina-code-embeddings-0.5b@896,high/renamed-identifiers,06,0.6600180864334106
jina-code-embeddings-0.5b@896,high/renamed-identifiers,07,0.6443305015563965
jina-code-embeddings-0.5b@896,high/renamed-identifiers,08,0.5855191946029663
jina-code-embeddings-0.5b@896,high/renamed-identifiers,09,0.7072756886482239
jina-code-embeddings-0.5b@896,high/renamed-identifiers,10,0.8856174945831299
jina-code-embeddings-0.5b@896,high/different-literals,01,0.8503574132919312
jina-code-embeddings-0.5b@896,high/different-literals,02,0.8253317475318909
jina-code-embeddings-0.5b@896,high/different-literals,03,0.9034135341644287
jina-code-embeddings-0.5b@896,high/different-literals,04,0.9457798600196838
jina-code-embeddings-0.5b@896,high/different-literals,05,0.9376471042633057
jina-code-embeddings-0.5b@896,high/different-literals,06,0.9535348415374756
jina-code-embeddings-0.5b@896,high/different-literals,07,0.9478302597999573
jina-code-embeddings-0.5b@896,high/different-literals,08,0.9782081246376038
jina-code-embeddings-0.5b@896,high/different-literals,09,0.907929539680481
jina-code-embeddings-0.5b@896,high/different-literals,10,0.9294078350067139
jina-code-embeddings-0.5b@896,high/reordered-statements,01,0.9808545708656311
jina-code-embeddings-0.5b@896,high/reordered-statements,02,0.9456840753555298
jina-code-embeddings-0.5b@896,high/reordered-statements,03,0.9735767841339111
jina-code-embeddings-0.5b@896,high/reordered-statements,04,0.9781038761138916
jina-code-embeddings-0.5b@896,high/reordered-statements,05,0.9652054309844971
jina-code-embeddings-0.5b@896,high/reordered-statements,06,0.9820876717567444
jina-code-embeddings-0.5b@896,high/reordered-statements,07,0.9568203091621399
jina-code-embeddings-0.5b@896,high/reordered-statements,08,0.9581817984580994
jina-code-embeddings-0.5b@896,high/reordered-statements,09,0.9960997700691223
jina-code-embeddings-0.5b@896,high/reordered-statements,10,0.9316208958625793
jina-code-embeddings-0.5b@896,high/refactored-structure,01,0.9748175144195557
jina-code-embeddings-0.5b@896,high/refactored-structure,02,0.970239520072937
jina-code-embeddings-0.5b@896,high/refactored-structure,03,0.9274112582206726
jina-code-embeddings-0.5b@896,high/refactored-structure,04,0.993899405002594
jina-code-embeddings-0.5b@896,high/refactored-structure,05,0.9689151644706726
jina-code-embeddings-0.5b@896,high/refactored-structure,06,0.9906008839607239
jina-code-embeddings-0.5b@896,high/refactored-structure,07,0.851030707359314
jina-code-embeddings-0.5b@896,high/refactored-structure,08,0.9624273777008057
jina-code-embeddings-0.5b@896,high/refactored-structure,09,0.9766089916229248
jina-code-embeddings-0.5b@896,high/refactored-structure,10,0.9663180112838745
jina-code-embeddings-0.5b@896,high/small-addition,01,0.9894323945045471
jina-code-embeddings-0.5b@896,high/small-addition,02,0.9956016540527344
jina-code-embeddings-0.5b@896,high/small-addition,03,0.9795918464660645
jina-code-embeddings-0.5b@896,high/small-addition,04,0.9702358245849609
jina-code-embeddings-0.5b@896,high/small-addition,05,0.8956377506256104
jina-code-embeddings-0.5b@896,high/small-addition,06,0.9660918712615967
jina-code-embeddings-0.5b@896,high/small-addition,07,0.9990002512931824
jina-code-embeddings-0.5b@896,high/small-addition,08,0.9985476732254028
jina-code-embeddings-0.5b@896,high/small-addition,09,0.9550776481628418
jina-code-embeddings-0.5b@896,high/small-addition,10,0.9804770946502686
jina-code-embeddings-0.5b@896,high/small-additions-large,01,0.9902656078338623
jina-code-embeddings-0.5b@896,high/small-additions-large,02,0.9971325993537903
jina-code-embeddings-0.5b@896,high/small-additions-large,03,0.9927716255187988
jina-code-embeddings-0.5b@896,high/small-additions-large,04,0.9793072938919067
jina-code-embeddings-0.5b@896,high/small-additions-large,05,0.9974184036254883
jina-code-embeddings-0.5b@896,high/small-additions-large,06,0.9945346713066101
jina-code-embeddings-0.5b@896,high/small-additions-large,07,0.9919679164886475
jina-code-embeddings-0.5b@896,high/small-additions-large,08,0.9942283630371094
jina-code-embeddings-0.5b@896,high/small-additions-large,09,0.9983180165290833
jina-code-embeddings-0.5b@896,high/small-additions-large,10,0.9898363351821899
jina-code-embeddings-0.5b@896,high/different-algorithm,01,0.6537375450134277
jina-code-embeddings-0.5b@896,high/different-algorithm,02,0.5816826820373535
jina-code-embeddings-0.5b@896,high/different-algorithm,03,0.5377238392829895
jina-code-embeddings-0.5b@896,high/different-algorithm,04,0.608063280582428
jina-code-embeddings-0.5b@896,high/different-algorithm,05,0.7919065952301025
jina-code-embeddings-0.5b@896,high/different-algorithm,06,0.6970533132553101
jina-code-embeddings-0.5b@896,high/different-algorithm,07,0.6768969893455505
jina-code-embeddings-0.5b@896,high/different-algorithm,08,0.6090382933616638
jina-code-embeddings-0.5b@896,high/different-algorithm,09,0.6950047612190247
jina-code-embeddings-0.5b@896,high/different-algorithm,10,0.655038058757782
jina-code-embeddings-0.5b@896,high/transpiled,01,0.962703287601471
jina-code-embeddings-0.5b@896,high/transpiled,02,0.9391513466835022
jina-code-embeddings-0.5b@896,high/transpiled,03,0.8748746514320374
jina-code-embeddings-0.5b@896,high/transpiled,04,0.9829573631286621
jina-code-embeddings-0.5b@896,high/transpiled,05,0.9421065449714661
jina-code-embeddings-0.5b@896,high/transpiled,06,0.9568394422531128
jina-code-embeddings-0.5b@896,high/transpiled,07,0.945826530456543
jina-code-embeddings-0.5b@896,high/transpiled,08,0.9125893115997314
jina-code-embeddings-0.5b@896,high/transpiled,09,0.9222577214241028
jina-code-embeddings-0.5b@896,high/transpiled,10,0.9324970245361328
jina-code-embeddings-0.5b@896,high/code-and-text,01,0.5910155773162842
jina-code-embeddings-0.5b@896,high/code-and-text,02,0.514957845211029
jina-code-embeddings-0.5b@896,high/code-and-text,03,0.4852055311203003
jina-code-embeddings-0.5b@896,high/code-and-text,04,0.6692657470703125
jina-code-embeddings-0.5b@896,high/code-and-text,05,0.5742678642272949
jina-code-embeddings-0.5b@896,high/code-and-text,06,0.5593875646591187
jina-code-embeddings-0.5b@896,high/code-and-text,07,0.5222529172897339
jina-code-embeddings-0.5b@896,high/code-and-text,08,0.5924122333526611
jina-code-embeddings-0.5b@896,high/code-and-text,09,0.39318156242370605
jina-code-embeddings-0.5b@896,high/code-and-text,10,0.46644511818885803
jina-code-embeddings-0.5b@896,low/unrelated,01,-0.05537363886833191
jina-code-embeddings-0.5b@896,low/unrelated,02,0.22159133851528168
jina-code-embeddings-0.5b@896,low/unrelated,03,0.13457247614860535
jina-code-embeddings-0.5b@896,low/unrelated,04,0.15240295231342316
jina-code-embeddings-0.5b@896,low/unrelated,05,0.15170182287693024
jina-code-embeddings-0.5b@896,low/unrelated,06,0.016359195113182068
jina-code-embeddings-0.5b@896,low/unrelated,07,0.07084547728300095
jina-code-embeddings-0.5b@896,low/unrelated,08,0.015906834974884987
jina-code-embeddings-0.5b@896,low/unrelated,09,0.14368878304958344
jina-code-embeddings-0.5b@896,low/unrelated,10,0.20731571316719055
jina-code-embeddings-0.5b@896,low/same-identifiers,01,0.7536553740501404
jina-code-embeddings-0.5b@896,low/same-identifiers,02,0.7533481121063232
jina-code-embeddings-0.5b@896,low/same-identifiers,03,0.666359543800354
jina-code-embeddings-0.5b@896,low/same-identifiers,04,0.781123697757721
jina-code-embeddings-0.5b@896,low/same-identifiers,05,0.8759819269180298
jina-code-embeddings-0.5b@896,low/same-identifiers,06,0.8643341064453125
jina-code-embeddings-0.5b@896,low/same-identifiers,07,0.7454534769058228
jina-code-embeddings-0.5b@896,low/same-identifiers,08,0.7704415917396545
jina-code-embeddings-0.5b@896,low/same-identifiers,09,0.8804301619529724
jina-code-embeddings-0.5b@896,low/same-identifiers,10,0.9051058292388916
jina-code-embeddings-0.5b@896,low/small-shared-fragment,01,0.10607226938009262
jina-code-embeddings-0.5b@896,low/small-shared-fragment,02,0.22885876893997192
jina-code-embeddings-0.5b@896,low/small-shared-fragment,03,0.38491031527519226
jina-code-embeddings-0.5b@896,low/small-shared-fragment,04,0.03538074716925621
jina-code-embeddings-0.5b@896,low/small-shared-fragment,05,0.23896321654319763
jina-code-embeddings-0.5b@896,low/small-shared-fragment,06,0.24974434077739716
jina-code-embeddings-0.5b@896,low/small-shared-fragment,07,0.04756513983011246
jina-code-embeddings-0.5b@896,low/small-shared-fragment,08,0.3439232110977173
jina-code-embeddings-0.5b@896,low/small-shared-fragment,09,0.1378147453069687
jina-code-embeddings-0.5b@896,low/small-shared-fragment,10,0.20236676931381226
jina-code-embeddings-0.5b@896,low/small-shared-fragments-large,01,0.34169498085975647
jina-code-embeddings-0.5b@896,low/small-shared-fragments-large,02,0.2639191448688507
jina-code-embeddings-0.5b@896,low/small-shared-fragments-large,03,0.2757621109485626
jina-code-embeddings-0.5b@896,low/small-shared-fragments-large,04,0.29318809509277344
jina-code-embeddings-0.5b@896,low/small-shared-fragments-large,05,0.4652649760246277
jina-code-embeddings-0.5b@896,low/small-shared-fragments-large,06,0.28116363286972046
jina-code-embeddings-0.5b@896,low/small-shared-fragments-large,07,0.41351479291915894
jina-code-embeddings-0.5b@896,low/small-shared-fragments-large,08,0.3900600075721741
jina-code-embeddings-0.5b@896,low/small-shared-fragments-large,09,0.44514983892440796
jina-code-embeddings-0.5b@896,low/small-shared-fragments-large,10,0.483190655708313
jina-code-embeddings-0.5b@896,low/same-boilerplate,01,0.29414525628089905
jina-code-embeddings-0.5b@896,low/same-boilerplate,02,0.4996366798877716
jina-code-embeddings-0.5b@896,low/same-boilerplate,03,0.5584165453910828
jina-code-embeddings-0.5b@896,low/same-boilerplate,04,0.41962307691574097
jina-code-embeddings-0.5b@896,low/same-boilerplate,05,0.4856264591217041
jina-code-embeddings-0.5b@896,low/same-boilerplate,06,0.44990748167037964
jina-code-embeddings-0.5b@896,low/same-boilerplate,07,0.40053603053092957
jina-code-embeddings-0.5b@896,low/same-boilerplate,08,0.36698564887046814
jina-code-embeddings-0.5b@896,low/same-boilerplate,09,0.22548359632492065
jina-code-embeddings-0.5b@896,low/same-boilerplate,10,0.2676686942577362
jina-code-embeddings-0.5b@896,low/code-and-text,01,0.16983537375926971
jina-code-embeddings-0.5b@896,low/code-and-text,02,0.08989980816841125
jina-code-embeddings-0.5b@896,low/code-and-text,03,0.11747828871011734
jina-code-embeddings-0.5b@896,low/code-and-text,04,0.2223772257566452
jina-code-embeddings-0.5b@896,low/code-and-text,05,-0.008650506846606731
jina-code-embeddings-0.5b@896,low/code-and-text,06,0.0863046944141388
jina-code-embeddings-0.5b@896,low/code-and-text,07,0.1412702053785324
jina-code-embeddings-0.5b@896,low/code-and-text,08,0.07617589086294174
jina-code-embeddings-0.5b@896,low/code-and-text,09,-0.009912218898534775
jina-code-embeddings-0.5b@896,low/code-and-text,10,0.1513729840517044
jina-code-embeddings-0.5b@256,high/exact-copy,01,0.9999887347221375
jina-code-embeddings-0.5b@256,high/exact-copy,02,0.9999932050704956
jina-code-embeddings-0.5b@256,high/exact-copy,03,0.9999939799308777
jina-code-embeddings-0.5b@256,high/exact-copy,04,0.9999886751174927
jina-code-embeddings-0.5b@256,high/exact-copy,05,0.9999889135360718
jina-code-embeddings-0.5b@256,high/exact-copy,06,0.999990701675415
jina-code-embeddings-0.5b@256,high/exact-copy,07,0.9999905824661255
jina-code-embeddings-0.5b@256,high/exact-copy,08,0.9999867677688599
jina-code-embeddings-0.5b@256,high/exact-copy,09,0.999991238117218
jina-code-embeddings-0.5b@256,high/exact-copy,10,0.9999850988388062
jina-code-embeddings-0.5b@256,high/formatting,01,0.9990825653076172
jina-code-embeddings-0.5b@256,high/formatting,02,0.9922224283218384
jina-code-embeddings-0.5b@256,high/formatting,03,0.9936813712120056
jina-code-embeddings-0.5b@256,high/formatting,04,0.9955737590789795
jina-code-embeddings-0.5b@256,high/formatting,05,0.9956545233726501
jina-code-embeddings-0.5b@256,high/formatting,06,0.9931840896606445
jina-code-embeddings-0.5b@256,high/formatting,07,0.9901469945907593
jina-code-embeddings-0.5b@256,high/formatting,08,0.9964483976364136
jina-code-embeddings-0.5b@256,high/formatting,09,0.9982125163078308
jina-code-embeddings-0.5b@256,high/formatting,10,0.9870216846466064
jina-code-embeddings-0.5b@256,high/lang-similar-syntax,01,0.9339014291763306
jina-code-embeddings-0.5b@256,high/lang-similar-syntax,02,0.9706248044967651
jina-code-embeddings-0.5b@256,high/lang-similar-syntax,03,0.9421170949935913
jina-code-embeddings-0.5b@256,high/lang-similar-syntax,04,0.9240373969078064
jina-code-embeddings-0.5b@256,high/lang-similar-syntax,05,0.9414641857147217
jina-code-embeddings-0.5b@256,high/lang-similar-syntax,06,0.9489043951034546
jina-code-embeddings-0.5b@256,high/lang-similar-syntax,07,0.9348961710929871
jina-code-embeddings-0.5b@256,high/lang-similar-syntax,08,0.9167606234550476
jina-code-embeddings-0.5b@256,high/lang-similar-syntax,09,0.8993951678276062
jina-code-embeddings-0.5b@256,high/lang-similar-syntax,10,0.9070707559585571
jina-code-embeddings-0.5b@256,high/lang-different-syntax,01,0.7973468899726868
jina-code-embeddings-0.5b@256,high/lang-different-syntax,02,0.8649083971977234
jina-code-embeddings-0.5b@256,high/lang-different-syntax,03,0.9662870168685913
jina-code-embeddings-0.5b@256,high/lang-different-syntax,04,0.9203247427940369
jina-code-embeddings-0.5b@256,high/lang-different-syntax,05,0.8716767430305481
jina-code-embeddings-0.5b@256,high/lang-different-syntax,06,0.9083186388015747
jina-code-embeddings-0.5b@256,high/lang-different-syntax,07,0.9254671335220337
jina-code-embeddings-0.5b@256,high/lang-different-syntax,08,0.808711051940918
jina-code-embeddings-0.5b@256,high/lang-different-syntax,09,0.972404956817627
jina-code-embeddings-0.5b@256,high/lang-different-syntax,10,0.9728294014930725
jina-code-embeddings-0.5b@256,high/renamed-identifiers,01,0.8172725439071655
jina-code-embeddings-0.5b@256,high/renamed-identifiers,02,0.6298813223838806
jina-code-embeddings-0.5b@256,high/renamed-identifiers,03,0.8350638151168823
jina-code-embeddings-0.5b@256,high/renamed-identifiers,04,0.6470144987106323
jina-code-embeddings-0.5b@256,high/renamed-identifiers,05,0.6773537993431091
jina-code-embeddings-0.5b@256,high/renamed-identifiers,06,0.6972498893737793
jina-code-embeddings-0.5b@256,high/renamed-identifiers,07,0.6352717280387878
jina-code-embeddings-0.5b@256,high/renamed-identifiers,08,0.5857867002487183
jina-code-embeddings-0.5b@256,high/renamed-identifiers,09,0.7276419401168823
jina-code-embeddings-0.5b@256,high/renamed-identifiers,10,0.9129614233970642
jina-code-embeddings-0.5b@256,high/different-literals,01,0.8547687530517578
jina-code-embeddings-0.5b@256,high/different-literals,02,0.851146936416626
jina-code-embeddings-0.5b@256,high/different-literals,03,0.9100539088249207
jina-code-embeddings-0.5b@256,high/different-literals,04,0.9506486058235168
jina-code-embeddings-0.5b@256,high/different-literals,05,0.945925235748291
jina-code-embeddings-0.5b@256,high/different-literals,06,0.9591726660728455
jina-code-embeddings-0.5b@256,high/different-literals,07,0.9537370204925537
jina-code-embeddings-0.5b@256,high/different-literals,08,0.9796808958053589
jina-code-embeddings-0.5b@256,high/different-literals,09,0.912451982498169
jina-code-embeddings-0.5b@256,high/different-literals,10,0.9324572682380676
jina-code-embeddings-0.5b@256,high/reordered-statements,01,0.9821601510047913
jina-code-embeddings-0.5b@256,high/reordered-statements,02,0.9499920010566711
jina-code-embeddings-0.5b@256,high/reordered-statements,03,0.9730648994445801
jina-code-embeddings-0.5b@256,high/reordered-statements,04,0.9803664684295654
jina-code-embeddings-0.5b@256,high/reordered-statements,05,0.9659395217895508
jina-code-embeddings-0.5b@256,high/reordered-statements,06,0.9844915270805359
jina-code-embeddings-0.5b@256,high/reordered-statements,07,0.9638954401016235
jina-code-embeddings-0.5b@256,high/reordered-statements,08,0.9607943296432495
jina-code-embeddings-0.5b@256,high/reordered-statements,09,0.9962754845619202
jina-code-embeddings-0.5b@256,high/reordered-statements,10,0.93061763048172
jina-code-embeddings-0.5b@256,high/refactored-structure,01,0.974750816822052
jina-code-embeddings-0.5b@256,high/refactored-structure,02,0.9733656644821167
jina-code-embeddings-0.5b@256,high/refactored-structure,03,0.9414588809013367
jina-code-embeddings-0.5b@256,high/refactored-structure,04,0.9947799444198608
jina-code-embeddings-0.5b@256,high/refactored-structure,05,0.9675369262695312
jina-code-embeddings-0.5b@256,high/refactored-structure,06,0.9916444420814514
jina-code-embeddings-0.5b@256,high/refactored-structure,07,0.8493317365646362
jina-code-embeddings-0.5b@256,high/refactored-structure,08,0.9684044122695923
jina-code-embeddings-0.5b@256,high/refactored-structure,09,0.9789798259735107
jina-code-embeddings-0.5b@256,high/refactored-structure,10,0.9669216275215149
jina-code-embeddings-0.5b@256,high/small-addition,01,0.9891996383666992
jina-code-embeddings-0.5b@256,high/small-addition,02,0.9962763786315918
jina-code-embeddings-0.5b@256,high/small-addition,03,0.979314386844635
jina-code-embeddings-0.5b@256,high/small-addition,04,0.9689186215400696
jina-code-embeddings-0.5b@256,high/small-addition,05,0.8982229232788086
jina-code-embeddings-0.5b@256,high/small-addition,06,0.9665286540985107
jina-code-embeddings-0.5b@256,high/small-addition,07,0.9990862011909485
jina-code-embeddings-0.5b@256,high/small-addition,08,0.9987043142318726
jina-code-embeddings-0.5b@256,high/small-addition,09,0.9587883949279785
jina-code-embeddings-0.5b@256,high/small-addition,10,0.9839662909507751
jina-code-embeddings-0.5b@256,high/small-additions-large,01,0.9922325015068054
jina-code-embeddings-0.5b@256,high/small-additions-large,02,0.9975541234016418
jina-code-embeddings-0.5b@256,high/small-additions-large,03,0.9931139945983887
jina-code-embeddings-0.5b@256,high/small-additions-large,04,0.9810818433761597
jina-code-embeddings-0.5b@256,high/small-additions-large,05,0.9977697134017944
jina-code-embeddings-0.5b@256,high/small-additions-large,06,0.995211124420166
jina-code-embeddings-0.5b@256,high/small-additions-large,07,0.9928467273712158
jina-code-embeddings-0.5b@256,high/small-additions-large,08,0.9945522546768188
jina-code-embeddings-0.5b@256,high/small-additions-large,09,0.9983972311019897
jina-code-embeddings-0.5b@256,high/small-additions-large,10,0.9916439056396484
jina-code-embeddings-0.5b@256,high/different-algorithm,01,0.6945271492004395
jina-code-embeddings-0.5b@256,high/different-algorithm,02,0.6372182965278625
jina-code-embeddings-0.5b@256,high/different-algorithm,03,0.5546084046363831
jina-code-embeddings-0.5b@256,high/different-algorithm,04,0.6350690722465515
jina-code-embeddings-0.5b@256,high/different-algorithm,05,0.8153700828552246
jina-code-embeddings-0.5b@256,high/different-algorithm,06,0.6997639536857605
jina-code-embeddings-0.5b@256,high/different-algorithm,07,0.7137263417243958
jina-code-embeddings-0.5b@256,high/different-algorithm,08,0.6158825159072876
jina-code-embeddings-0.5b@256,high/different-algorithm,09,0.7319143414497375
jina-code-embeddings-0.5b@256,high/different-algorithm,10,0.6915575265884399
jina-code-embeddings-0.5b@256,high/transpiled,01,0.9635427594184875
jina-code-embeddings-0.5b@256,high/transpiled,02,0.9345592260360718
jina-code-embeddings-0.5b@256,high/transpiled,03,0.8685879707336426
jina-code-embeddings-0.5b@256,high/transpiled,04,0.9846534132957458
jina-code-embeddings-0.5b@256,high/transpiled,05,0.9387701749801636
jina-code-embeddings-0.5b@256,high/transpiled,06,0.963793158531189
jina-code-embeddings-0.5b@256,high/transpiled,07,0.9499944448471069
jina-code-embeddings-0.5b@256,high/transpiled,08,0.9250945448875427
jina-code-embeddings-0.5b@256,high/transpiled,09,0.9183229804039001
jina-code-embeddings-0.5b@256,high/transpiled,10,0.934074878692627
jina-code-embeddings-0.5b@256,high/code-and-text,01,0.6387393474578857
jina-code-embeddings-0.5b@256,high/code-and-text,02,0.5580232739448547
jina-code-embeddings-0.5b@256,high/code-and-text,03,0.5169327259063721
jina-code-embeddings-0.5b@256,high/code-and-text,04,0.6570364236831665
jina-code-embeddings-0.5b@256,high/code-and-text,05,0.6054071187973022
jina-code-embeddings-0.5b@256,high/code-and-text,06,0.5832409262657166
jina-code-embeddings-0.5b@256,high/code-and-text,07,0.5411160588264465
jina-code-embeddings-0.5b@256,high/code-and-text,08,0.590425968170166
jina-code-embeddings-0.5b@256,high/code-and-text,09,0.4185534119606018
jina-code-embeddings-0.5b@256,high/code-and-text,10,0.4716285467147827
jina-code-embeddings-0.5b@256,low/unrelated,01,-0.08953886479139328
jina-code-embeddings-0.5b@256,low/unrelated,02,0.21030457317829132
jina-code-embeddings-0.5b@256,low/unrelated,03,0.14680509269237518
jina-code-embeddings-0.5b@256,low/unrelated,04,0.23292598128318787
jina-code-embeddings-0.5b@256,low/unrelated,05,0.20662665367126465
jina-code-embeddings-0.5b@256,low/unrelated,06,-0.018676633015275
jina-code-embeddings-0.5b@256,low/unrelated,07,0.09624569118022919
jina-code-embeddings-0.5b@256,low/unrelated,08,0.019292103126645088
jina-code-embeddings-0.5b@256,low/unrelated,09,0.15885163843631744
jina-code-embeddings-0.5b@256,low/unrelated,10,0.22455251216888428
jina-code-embeddings-0.5b@256,low/same-identifiers,01,0.7433682084083557
jina-code-embeddings-0.5b@256,low/same-identifiers,02,0.7556172013282776
jina-code-embeddings-0.5b@256,low/same-identifiers,03,0.6882652640342712
jina-code-embeddings-0.5b@256,low/same-identifiers,04,0.8086474537849426
jina-code-embeddings-0.5b@256,low/same-identifiers,05,0.8712207078933716
jina-code-embeddings-0.5b@256,low/same-identifiers,06,0.86100172996521
jina-code-embeddings-0.5b@256,low/same-identifiers,07,0.7595638036727905
jina-code-embeddings-0.5b@256,low/same-identifiers,08,0.792296826839447
jina-code-embeddings-0.5b@256,low/same-identifiers,09,0.8802526593208313
jina-code-embeddings-0.5b@256,low/same-identifiers,10,0.8949961066246033
jina-code-embeddings-0.5b@256,low/small-shared-fragment,01,0.051932092756032944
jina-code-embeddings-0.5b@256,low/small-shared-fragment,02,0.19461689889431
jina-code-embeddings-0.5b@256,low/small-shared-fragment,03,0.3886260688304901
jina-code-embeddings-0.5b@256,low/small-shared-fragment,04,0.04890517517924309
jina-code-embeddings-0.5b@256,low/small-shared-fragment,05,0.1848074495792389
jina-code-embeddings-0.5b@256,low/small-shared-fragment,06,0.2733655571937561
jina-code-embeddings-0.5b@256,low/small-shared-fragment,07,0.06030438840389252
jina-code-embeddings-0.5b@256,low/small-shared-fragment,08,0.409147173166275
jina-code-embeddings-0.5b@256,low/small-shared-fragment,09,0.12468977272510529
jina-code-embeddings-0.5b@256,low/small-shared-fragment,10,0.1935640424489975
jina-code-embeddings-0.5b@256,low/small-shared-fragments-large,01,0.3601667582988739
jina-code-embeddings-0.5b@256,low/small-shared-fragments-large,02,0.3135391175746918
jina-code-embeddings-0.5b@256,low/small-shared-fragments-large,03,0.27122700214385986
jina-code-embeddings-0.5b@256,low/small-shared-fragments-large,04,0.32666751742362976
jina-code-embeddings-0.5b@256,low/small-shared-fragments-large,05,0.48195260763168335
jina-code-embeddings-0.5b@256,low/small-shared-fragments-large,06,0.25513702630996704
jina-code-embeddings-0.5b@256,low/small-shared-fragments-large,07,0.4055531322956085
jina-code-embeddings-0.5b@256,low/small-shared-fragments-large,08,0.3977683186531067
jina-code-embeddings-0.5b@256,low/small-shared-fragments-large,09,0.47608932852745056
jina-code-embeddings-0.5b@256,low/small-shared-fragments-large,10,0.4995993673801422
jina-code-embeddings-0.5b@256,low/same-boilerplate,01,0.31391656398773193
jina-code-embeddings-0.5b@256,low/same-boilerplate,02,0.4316268861293793
jina-code-embeddings-0.5b@256,low/same-boilerplate,03,0.5686546564102173
jina-code-embeddings-0.5b@256,low/same-boilerplate,04,0.338204950094223
jina-code-embeddings-0.5b@256,low/same-boilerplate,05,0.47482460737228394
jina-code-embeddings-0.5b@256,low/same-boilerplate,06,0.4341971278190613
jina-code-embeddings-0.5b@256,low/same-boilerplate,07,0.4119119346141815
jina-code-embeddings-0.5b@256,low/same-boilerplate,08,0.3942459225654602
jina-code-embeddings-0.5b@256,low/same-boilerplate,09,0.1718570590019226
jina-code-embeddings-0.5b@256,low/same-boilerplate,10,0.2500505745410919
jina-code-embeddings-0.5b@256,low/code-and-text,01,0.20921865105628967
jina-code-embeddings-0.5b@256,low/code-and-text,02,0.13668179512023926
jina-code-embeddings-0.5b@256,low/code-and-text,03,0.1501762568950653
jina-code-embeddings-0.5b@256,low/code-and-text,04,0.1980995237827301
jina-code-embeddings-0.5b@256,low/code-and-text,05,0.0563834048807621
jina-code-embeddings-0.5b@256,low/code-and-text,06,0.04459682106971741
jina-code-embeddings-0.5b@256,low/code-and-text,07,0.12756292521953583
jina-code-embeddings-0.5b@256,low/code-and-text,08,0.12860269844532013
jina-code-embeddings-0.5b@256,low/code-and-text,09,-0.034614723175764084
jina-code-embeddings-0.5b@256,low/code-and-text,10,0.1595747023820877
cohere-embed-4@1536,high/exact-copy,01,1.0
cohere-embed-4@1536,high/exact-copy,02,1.0000001192092896
cohere-embed-4@1536,high/exact-copy,03,1.0000001192092896
cohere-embed-4@1536,high/exact-copy,04,1.0
cohere-embed-4@1536,high/exact-copy,05,1.0
cohere-embed-4@1536,high/exact-copy,06,1.0
cohere-embed-4@1536,high/exact-copy,07,1.0
cohere-embed-4@1536,high/exact-copy,08,1.0
cohere-embed-4@1536,high/exact-copy,09,1.0000001192092896
cohere-embed-4@1536,high/exact-copy,10,1.0
cohere-embed-4@1536,high/formatting,01,0.9967416524887085
cohere-embed-4@1536,high/formatting,02,0.994667649269104
cohere-embed-4@1536,high/formatting,03,0.9888795614242554
cohere-embed-4@1536,high/formatting,04,0.9920483827590942
cohere-embed-4@1536,high/formatting,05,0.994646430015564
cohere-embed-4@1536,high/formatting,06,0.9897800087928772
cohere-embed-4@1536,high/formatting,07,0.9928336143493652
cohere-embed-4@1536,high/formatting,08,0.9899030327796936
cohere-embed-4@1536,high/formatting,09,0.988694429397583
cohere-embed-4@1536,high/formatting,10,0.9868322014808655
cohere-embed-4@1536,high/lang-similar-syntax,01,0.9619313478469849
cohere-embed-4@1536,high/lang-similar-syntax,02,0.947699785232544
cohere-embed-4@1536,high/lang-similar-syntax,03,0.8246651887893677
cohere-embed-4@1536,high/lang-similar-syntax,04,0.8591336607933044
cohere-embed-4@1536,high/lang-similar-syntax,05,0.9440069198608398
cohere-embed-4@1536,high/lang-similar-syntax,06,0.9019919633865356
cohere-embed-4@1536,high/lang-similar-syntax,07,0.866801381111145
cohere-embed-4@1536,high/lang-similar-syntax,08,0.8574531078338623
cohere-embed-4@1536,high/lang-similar-syntax,09,0.8673135042190552
cohere-embed-4@1536,high/lang-similar-syntax,10,0.8574391007423401
cohere-embed-4@1536,high/lang-different-syntax,01,0.7363737225532532
cohere-embed-4@1536,high/lang-different-syntax,02,0.7834933996200562
cohere-embed-4@1536,high/lang-different-syntax,03,0.8878572583198547
cohere-embed-4@1536,high/lang-different-syntax,04,0.8871384263038635
cohere-embed-4@1536,high/lang-different-syntax,05,0.7898902893066406
cohere-embed-4@1536,high/lang-different-syntax,06,0.8020264506340027
cohere-embed-4@1536,high/lang-different-syntax,07,0.8098786473274231
cohere-embed-4@1536,high/lang-different-syntax,08,0.8359856605529785
cohere-embed-4@1536,high/lang-different-syntax,09,0.8786872029304504
cohere-embed-4@1536,high/lang-different-syntax,10,0.8714377880096436
cohere-embed-4@1536,high/renamed-identifiers,01,0.7412274479866028
cohere-embed-4@1536,high/renamed-identifiers,02,0.7841157913208008
cohere-embed-4@1536,high/renamed-identifiers,03,0.8145630359649658
cohere-embed-4@1536,high/renamed-identifiers,04,0.7459740042686462
cohere-embed-4@1536,high/renamed-identifiers,05,0.7098421454429626
cohere-embed-4@1536,high/renamed-identifiers,06,0.6782459616661072
cohere-embed-4@1536,high/renamed-identifiers,07,0.5940979719161987
cohere-embed-4@1536,high/renamed-identifiers,08,0.7024887204170227
cohere-embed-4@1536,high/renamed-identifiers,09,0.7317811250686646
cohere-embed-4@1536,high/renamed-identifiers,10,0.8341397643089294
cohere-embed-4@1536,high/different-literals,01,0.9059115648269653
cohere-embed-4@1536,high/different-literals,02,0.8953705430030823
cohere-embed-4@1536,high/different-literals,03,0.9144685864448547
cohere-embed-4@1536,high/different-literals,04,0.8607040643692017
cohere-embed-4@1536,high/different-literals,05,0.8873521089553833
cohere-embed-4@1536,high/different-literals,06,0.9560377597808838
cohere-embed-4@1536,high/different-literals,07,0.926675021648407
cohere-embed-4@1536,high/different-literals,08,0.9599793553352356
cohere-embed-4@1536,high/different-literals,09,0.909920334815979
cohere-embed-4@1536,high/different-literals,10,0.9063288569450378
cohere-embed-4@1536,high/reordered-statements,01,0.9866229295730591
cohere-embed-4@1536,high/reordered-statements,02,0.9703348875045776
cohere-embed-4@1536,high/reordered-statements,03,0.9737472534179688
cohere-embed-4@1536,high/reordered-statements,04,0.989506185054779
cohere-embed-4@1536,high/reordered-statements,05,0.9854117035865784
cohere-embed-4@1536,high/reordered-statements,06,0.992073655128479
cohere-embed-4@1536,high/reordered-statements,07,0.9608783721923828
cohere-embed-4@1536,high/reordered-statements,08,0.9718533158302307
cohere-embed-4@1536,high/reordered-statements,09,0.9974392652511597
cohere-embed-4@1536,high/reordered-statements,10,0.9714171290397644
cohere-embed-4@1536,high/refactored-structure,01,0.9784244894981384
cohere-embed-4@1536,high/refactored-structure,02,0.9309254288673401
cohere-embed-4@1536,high/refactored-structure,03,0.9219744801521301
cohere-embed-4@1536,high/refactored-structure,04,0.9873335361480713
cohere-embed-4@1536,high/refactored-structure,05,0.9505563974380493
cohere-embed-4@1536,high/refactored-structure,06,0.9888391494750977
cohere-embed-4@1536,high/refactored-structure,07,0.8955961465835571
cohere-embed-4@1536,high/refactored-structure,08,0.9735836982727051
cohere-embed-4@1536,high/refactored-structure,09,0.9654667377471924
cohere-embed-4@1536,high/refactored-structure,10,0.9611886143684387
cohere-embed-4@1536,high/small-addition,01,0.9886226058006287
cohere-embed-4@1536,high/small-addition,02,0.995917797088623
cohere-embed-4@1536,high/small-addition,03,0.9878759384155273
cohere-embed-4@1536,high/small-addition,04,0.9716326594352722
cohere-embed-4@1536,high/small-addition,05,0.9180999994277954
cohere-embed-4@1536,high/small-addition,06,0.9280652403831482
cohere-embed-4@1536,high/small-addition,07,0.9945163726806641
cohere-embed-4@1536,high/small-addition,08,0.9957365989685059
cohere-embed-4@1536,high/small-addition,09,0.9552361965179443
cohere-embed-4@1536,high/small-addition,10,0.9754918813705444
cohere-embed-4@1536,high/small-additions-large,01,0.9884379506111145
cohere-embed-4@1536,high/small-additions-large,02,0.9963136911392212
cohere-embed-4@1536,high/small-additions-large,03,0.9903658628463745
cohere-embed-4@1536,high/small-additions-large,04,0.9865285158157349
cohere-embed-4@1536,high/small-additions-large,05,0.9953799843788147
cohere-embed-4@1536,high/small-additions-large,06,0.9837852716445923
cohere-embed-4@1536,high/small-additions-large,07,0.990327000617981
cohere-embed-4@1536,high/small-additions-large,08,0.9911252856254578
cohere-embed-4@1536,high/small-additions-large,09,0.9968505501747131
cohere-embed-4@1536,high/small-additions-large,10,0.9838113188743591
cohere-embed-4@1536,high/different-algorithm,01,0.6253932118415833
cohere-embed-4@1536,high/different-algorithm,02,0.652712345123291
cohere-embed-4@1536,high/different-algorithm,03,0.5934736132621765
cohere-embed-4@1536,high/different-algorithm,04,0.6276229023933411
cohere-embed-4@1536,high/different-algorithm,05,0.7049449682235718
cohere-embed-4@1536,high/different-algorithm,06,0.5944510698318481
cohere-embed-4@1536,high/different-algorithm,07,0.6279990673065186
cohere-embed-4@1536,high/different-algorithm,08,0.6794494986534119
cohere-embed-4@1536,high/different-algorithm,09,0.7261446714401245
cohere-embed-4@1536,high/different-algorithm,10,0.697525680065155
cohere-embed-4@1536,high/transpiled,01,0.957886278629303
cohere-embed-4@1536,high/transpiled,02,0.9548745155334473
cohere-embed-4@1536,high/transpiled,03,0.898664116859436
cohere-embed-4@1536,high/transpiled,04,0.9602808356285095
cohere-embed-4@1536,high/transpiled,05,0.9510220289230347
cohere-embed-4@1536,high/transpiled,06,0.9335042834281921
cohere-embed-4@1536,high/transpiled,07,0.9493834376335144
cohere-embed-4@1536,high/transpiled,08,0.9065092206001282
cohere-embed-4@1536,high/transpiled,09,0.9527718424797058
cohere-embed-4@1536,high/transpiled,10,0.9322476983070374
cohere-embed-4@1536,high/code-and-text,01,0.4276896119117737
cohere-embed-4@1536,high/code-and-text,02,0.4713802933692932
cohere-embed-4@1536,high/code-and-text,03,0.5690398812294006
cohere-embed-4@1536,high/code-and-text,04,0.4492886960506439
cohere-embed-4@1536,high/code-and-text,05,0.4542919099330902
cohere-embed-4@1536,high/code-and-text,06,0.530504047870636
cohere-embed-4@1536,high/code-and-text,07,0.36815738677978516
cohere-embed-4@1536,high/code-and-text,08,0.474529892206192
cohere-embed-4@1536,high/code-and-text,09,0.45287418365478516
cohere-embed-4@1536,high/code-and-text,10,0.4236534535884857
cohere-embed-4@1536,low/unrelated,01,0.20354250073432922
cohere-embed-4@1536,low/unrelated,02,0.32490041851997375
cohere-embed-4@1536,low/unrelated,03,0.26396286487579346
cohere-embed-4@1536,low/unrelated,04,0.30287036299705505
cohere-embed-4@1536,low/unrelated,05,0.26231464743614197
cohere-embed-4@1536,low/unrelated,06,0.1741468459367752
cohere-embed-4@1536,low/unrelated,07,0.3145998418331146
cohere-embed-4@1536,low/unrelated,08,0.2826898396015167
cohere-embed-4@1536,low/unrelated,09,0.3750573694705963
cohere-embed-4@1536,low/unrelated,10,0.47458702325820923
cohere-embed-4@1536,low/same-identifiers,01,0.8665788173675537
cohere-embed-4@1536,low/same-identifiers,02,0.7776998281478882
cohere-embed-4@1536,low/same-identifiers,03,0.7054827213287354
cohere-embed-4@1536,low/same-identifiers,04,0.7785831689834595
cohere-embed-4@1536,low/same-identifiers,05,0.8553659319877625
cohere-embed-4@1536,low/same-identifiers,06,0.8082196712493896
cohere-embed-4@1536,low/same-identifiers,07,0.7965134382247925
cohere-embed-4@1536,low/same-identifiers,08,0.7537529468536377
cohere-embed-4@1536,low/same-identifiers,09,0.81927090883255
cohere-embed-4@1536,low/same-identifiers,10,0.893591046333313
cohere-embed-4@1536,low/small-shared-fragment,01,0.3213087022304535
cohere-embed-4@1536,low/small-shared-fragment,02,0.360006183385849
cohere-embed-4@1536,low/small-shared-fragment,03,0.5210627913475037
cohere-embed-4@1536,low/small-shared-fragment,04,0.28528520464897156
cohere-embed-4@1536,low/small-shared-fragment,05,0.5541009306907654
cohere-embed-4@1536,low/small-shared-fragment,06,0.4537394940853119
cohere-embed-4@1536,low/small-shared-fragment,07,0.35810863971710205
cohere-embed-4@1536,low/small-shared-fragment,08,0.5483736395835876
cohere-embed-4@1536,low/small-shared-fragment,09,0.5364741683006287
cohere-embed-4@1536,low/small-shared-fragment,10,0.4829666316509247
cohere-embed-4@1536,low/small-shared-fragments-large,01,0.362308531999588
cohere-embed-4@1536,low/small-shared-fragments-large,02,0.4574185311794281
cohere-embed-4@1536,low/small-shared-fragments-large,03,0.45748409628868103
cohere-embed-4@1536,low/small-shared-fragments-large,04,0.431126207113266
cohere-embed-4@1536,low/small-shared-fragments-large,05,0.5486893057823181
cohere-embed-4@1536,low/small-shared-fragments-large,06,0.4259752333164215
cohere-embed-4@1536,low/small-shared-fragments-large,07,0.5011233687400818
cohere-embed-4@1536,low/small-shared-fragments-large,08,0.583796501159668
cohere-embed-4@1536,low/small-shared-fragments-large,09,0.5700340867042542
cohere-embed-4@1536,low/small-shared-fragments-large,10,0.5629606246948242
cohere-embed-4@1536,low/same-boilerplate,01,0.5738319158554077
cohere-embed-4@1536,low/same-boilerplate,02,0.6069309115409851
cohere-embed-4@1536,low/same-boilerplate,03,0.6753671169281006
cohere-embed-4@1536,low/same-boilerplate,04,0.47352346777915955
cohere-embed-4@1536,low/same-boilerplate,05,0.7408945560455322
cohere-embed-4@1536,low/same-boilerplate,06,0.5713609457015991
cohere-embed-4@1536,low/same-boilerplate,07,0.5087486505508423
cohere-embed-4@1536,low/same-boilerplate,08,0.5792943239212036
cohere-embed-4@1536,low/same-boilerplate,09,0.5346906185150146
cohere-embed-4@1536,low/same-boilerplate,10,0.4101947844028473
cohere-embed-4@1536,low/code-and-text,01,0.2043764442205429
cohere-embed-4@1536,low/code-and-text,02,0.14402244985103607
cohere-embed-4@1536,low/code-and-text,03,0.2672727406024933
cohere-embed-4@1536,low/code-and-text,04,0.21363604068756104
cohere-embed-4@1536,low/code-and-text,05,0.19313444197177887
cohere-embed-4@1536,low/code-and-text,06,0.31019091606140137
cohere-embed-4@1536,low/code-and-text,07,0.20024612545967102
cohere-embed-4@1536,low/code-and-text,08,0.27069562673568726
cohere-embed-4@1536,low/code-and-text,09,0.1402612030506134
cohere-embed-4@1536,low/code-and-text,10,0.12340200692415237
voyage-code-4@1024,high/exact-copy,01,1.0
voyage-code-4@1024,high/exact-copy,02,1.0
voyage-code-4@1024,high/exact-copy,03,0.9999999403953552
voyage-code-4@1024,high/exact-copy,04,1.0000001192092896
voyage-code-4@1024,high/exact-copy,05,1.0000001192092896
voyage-code-4@1024,high/exact-copy,06,1.0
voyage-code-4@1024,high/exact-copy,07,1.0000001192092896
voyage-code-4@1024,high/exact-copy,08,1.0
voyage-code-4@1024,high/exact-copy,09,1.0
voyage-code-4@1024,high/exact-copy,10,1.0
voyage-code-4@1024,high/formatting,01,0.9928001165390015
voyage-code-4@1024,high/formatting,02,0.9738483428955078
voyage-code-4@1024,high/formatting,03,0.9695068597793579
voyage-code-4@1024,high/formatting,04,0.9563770294189453
voyage-code-4@1024,high/formatting,05,0.991943895816803
voyage-code-4@1024,high/formatting,06,0.9363388419151306
voyage-code-4@1024,high/formatting,07,0.9923917055130005
voyage-code-4@1024,high/formatting,08,0.9651204347610474
voyage-code-4@1024,high/formatting,09,0.9475906491279602
voyage-code-4@1024,high/formatting,10,0.9686799645423889
voyage-code-4@1024,high/lang-similar-syntax,01,0.9514102935791016
voyage-code-4@1024,high/lang-similar-syntax,02,0.9885129332542419
voyage-code-4@1024,high/lang-similar-syntax,03,0.7786545157432556
voyage-code-4@1024,high/lang-similar-syntax,04,0.8497189283370972
voyage-code-4@1024,high/lang-similar-syntax,05,0.7691624164581299
voyage-code-4@1024,high/lang-similar-syntax,06,0.9455884695053101
voyage-code-4@1024,high/lang-similar-syntax,07,0.9207854270935059
voyage-code-4@1024,high/lang-similar-syntax,08,0.9286779761314392
voyage-code-4@1024,high/lang-similar-syntax,09,0.888420820236206
voyage-code-4@1024,high/lang-similar-syntax,10,0.7800819277763367
voyage-code-4@1024,high/lang-different-syntax,01,0.725490927696228
voyage-code-4@1024,high/lang-different-syntax,02,0.7431951761245728
voyage-code-4@1024,high/lang-different-syntax,03,0.8078715205192566
voyage-code-4@1024,high/lang-different-syntax,04,0.8517395257949829
voyage-code-4@1024,high/lang-different-syntax,05,0.7757481336593628
voyage-code-4@1024,high/lang-different-syntax,06,0.8957287073135376
voyage-code-4@1024,high/lang-different-syntax,07,0.768031656742096
voyage-code-4@1024,high/lang-different-syntax,08,0.8416809439659119
voyage-code-4@1024,high/lang-different-syntax,09,0.8724427223205566
voyage-code-4@1024,high/lang-different-syntax,10,0.8133544921875
voyage-code-4@1024,high/renamed-identifiers,01,0.8635565042495728
voyage-code-4@1024,high/renamed-identifiers,02,0.9388302564620972
voyage-code-4@1024,high/renamed-identifiers,03,0.9197666049003601
voyage-code-4@1024,high/renamed-identifiers,04,0.7362216114997864
voyage-code-4@1024,high/renamed-identifiers,05,0.8501050472259521
voyage-code-4@1024,high/renamed-identifiers,06,0.6183372139930725
voyage-code-4@1024,high/renamed-identifiers,07,0.6789950132369995
voyage-code-4@1024,high/renamed-identifiers,08,0.771509051322937
voyage-code-4@1024,high/renamed-identifiers,09,0.708269476890564
voyage-code-4@1024,high/renamed-identifiers,10,0.9240657091140747
voyage-code-4@1024,high/different-literals,01,0.8777220845222473
voyage-code-4@1024,high/different-literals,02,0.9106270670890808
voyage-code-4@1024,high/different-literals,03,0.9477510452270508
voyage-code-4@1024,high/different-literals,04,0.9427445530891418
voyage-code-4@1024,high/different-literals,05,0.9146372675895691
voyage-code-4@1024,high/different-literals,06,0.9120596051216125
voyage-code-4@1024,high/different-literals,07,0.8985612392425537
voyage-code-4@1024,high/different-literals,08,0.9265350103378296
voyage-code-4@1024,high/different-literals,09,0.8631249666213989
voyage-code-4@1024,high/different-literals,10,0.919837474822998
voyage-code-4@1024,high/reordered-statements,01,0.9967247843742371
voyage-code-4@1024,high/reordered-statements,02,0.9936544895172119
voyage-code-4@1024,high/reordered-statements,03,0.9979872703552246
voyage-code-4@1024,high/reordered-statements,04,0.9968278408050537
voyage-code-4@1024,high/reordered-statements,05,0.9978027939796448
voyage-code-4@1024,high/reordered-statements,06,0.9927152395248413
voyage-code-4@1024,high/reordered-statements,07,0.9884845018386841
voyage-code-4@1024,high/reordered-statements,08,0.9943005442619324
voyage-code-4@1024,high/reordered-statements,09,0.9990368485450745
voyage-code-4@1024,high/reordered-statements,10,0.9938940405845642
voyage-code-4@1024,high/refactored-structure,01,0.9937022924423218
voyage-code-4@1024,high/refactored-structure,02,0.9936222434043884
voyage-code-4@1024,high/refactored-structure,03,0.9707625508308411
voyage-code-4@1024,high/refactored-structure,04,0.997940719127655
voyage-code-4@1024,high/refactored-structure,05,0.9941241145133972
voyage-code-4@1024,high/refactored-structure,06,0.9972751140594482
voyage-code-4@1024,high/refactored-structure,07,0.9043554663658142
voyage-code-4@1024,high/refactored-structure,08,0.9901557564735413
voyage-code-4@1024,high/refactored-structure,09,0.987571120262146
voyage-code-4@1024,high/refactored-structure,10,0.993854820728302
voyage-code-4@1024,high/small-addition,01,0.9941480159759521
voyage-code-4@1024,high/small-addition,02,0.9945729374885559
voyage-code-4@1024,high/small-addition,03,0.9899118542671204
voyage-code-4@1024,high/small-addition,04,0.9863934516906738
voyage-code-4@1024,high/small-addition,05,0.96323561668396
voyage-code-4@1024,high/small-addition,06,0.9762012362480164
voyage-code-4@1024,high/small-addition,07,0.99602210521698
voyage-code-4@1024,high/small-addition,08,0.9972521066665649
voyage-code-4@1024,high/small-addition,09,0.993412435054779
voyage-code-4@1024,high/small-addition,10,0.9808909296989441
voyage-code-4@1024,high/small-additions-large,01,0.9878513813018799
voyage-code-4@1024,high/small-additions-large,02,0.996818482875824
voyage-code-4@1024,high/small-additions-large,03,0.9948023557662964
voyage-code-4@1024,high/small-additions-large,04,0.9925864934921265
voyage-code-4@1024,high/small-additions-large,05,0.9941285252571106
voyage-code-4@1024,high/small-additions-large,06,0.9932281374931335
voyage-code-4@1024,high/small-additions-large,07,0.9942076802253723
voyage-code-4@1024,high/small-additions-large,08,0.9911278486251831
voyage-code-4@1024,high/small-additions-large,09,0.9977312088012695
voyage-code-4@1024,high/small-additions-large,10,0.9908287525177002
voyage-code-4@1024,high/different-algorithm,01,0.7675175666809082
voyage-code-4@1024,high/different-algorithm,02,0.7255264520645142
voyage-code-4@1024,high/different-algorithm,03,0.8121351599693298
voyage-code-4@1024,high/different-algorithm,04,0.6913961172103882
voyage-code-4@1024,high/different-algorithm,05,0.8127036094665527
voyage-code-4@1024,high/different-algorithm,06,0.8426831960678101
voyage-code-4@1024,high/different-algorithm,07,0.827445924282074
voyage-code-4@1024,high/different-algorithm,08,0.7482637166976929
voyage-code-4@1024,high/different-algorithm,09,0.7331538200378418
voyage-code-4@1024,high/different-algorithm,10,0.8639030456542969
voyage-code-4@1024,high/transpiled,01,0.97777259349823
voyage-code-4@1024,high/transpiled,02,0.9747663736343384
voyage-code-4@1024,high/transpiled,03,0.9543931484222412
voyage-code-4@1024,high/transpiled,04,0.9800159335136414
voyage-code-4@1024,high/transpiled,05,0.9779844284057617
voyage-code-4@1024,high/transpiled,06,0.9790670871734619
voyage-code-4@1024,high/transpiled,07,0.9665378332138062
voyage-code-4@1024,high/transpiled,08,0.9496884346008301
voyage-code-4@1024,high/transpiled,09,0.8904789090156555
voyage-code-4@1024,high/transpiled,10,0.9605252146720886
voyage-code-4@1024,high/code-and-text,01,0.5558177828788757
voyage-code-4@1024,high/code-and-text,02,0.6019721031188965
voyage-code-4@1024,high/code-and-text,03,0.5886813998222351
voyage-code-4@1024,high/code-and-text,04,0.5947067141532898
voyage-code-4@1024,high/code-and-text,05,0.39560186862945557
voyage-code-4@1024,high/code-and-text,06,0.5544556975364685
voyage-code-4@1024,high/code-and-text,07,0.49670302867889404
voyage-code-4@1024,high/code-and-text,08,0.493899405002594
voyage-code-4@1024,high/code-and-text,09,0.5028181076049805
voyage-code-4@1024,high/code-and-text,10,0.5663864016532898
voyage-code-4@1024,low/unrelated,01,0.3959071636199951
voyage-code-4@1024,low/unrelated,02,0.5207840800285339
voyage-code-4@1024,low/unrelated,03,0.48348551988601685
voyage-code-4@1024,low/unrelated,04,0.3873668909072876
voyage-code-4@1024,low/unrelated,05,0.5730793476104736
voyage-code-4@1024,low/unrelated,06,0.3407776355743408
voyage-code-4@1024,low/unrelated,07,0.4313254654407501
voyage-code-4@1024,low/unrelated,08,0.328927218914032
voyage-code-4@1024,low/unrelated,09,0.2942085862159729
voyage-code-4@1024,low/unrelated,10,0.5509281158447266
voyage-code-4@1024,low/same-identifiers,01,0.8120489716529846
voyage-code-4@1024,low/same-identifiers,02,0.8594927787780762
voyage-code-4@1024,low/same-identifiers,03,0.7382563352584839
voyage-code-4@1024,low/same-identifiers,04,0.8240489959716797
voyage-code-4@1024,low/same-identifiers,05,0.8617719411849976
voyage-code-4@1024,low/same-identifiers,06,0.8066908121109009
voyage-code-4@1024,low/same-identifiers,07,0.824248731136322
voyage-code-4@1024,low/same-identifiers,08,0.7569151520729065
voyage-code-4@1024,low/same-identifiers,09,0.8955156803131104
voyage-code-4@1024,low/same-identifiers,10,0.8908437490463257
voyage-code-4@1024,low/small-shared-fragment,01,0.3328472971916199
voyage-code-4@1024,low/small-shared-fragment,02,0.6899089813232422
voyage-code-4@1024,low/small-shared-fragment,03,0.7326875925064087
voyage-code-4@1024,low/small-shared-fragment,04,0.4885281026363373
voyage-code-4@1024,low/small-shared-fragment,05,0.7572725415229797
voyage-code-4@1024,low/small-shared-fragment,06,0.6023820042610168
voyage-code-4@1024,low/small-shared-fragment,07,0.4906495213508606
voyage-code-4@1024,low/small-shared-fragment,08,0.6887854933738708
voyage-code-4@1024,low/small-shared-fragment,09,0.5006609559059143
voyage-code-4@1024,low/small-shared-fragment,10,0.6138940453529358
voyage-code-4@1024,low/small-shared-fragments-large,01,0.282390832901001
voyage-code-4@1024,low/small-shared-fragments-large,02,0.6162741780281067
voyage-code-4@1024,low/small-shared-fragments-large,03,0.5942804217338562
voyage-code-4@1024,low/small-shared-fragments-large,04,0.45423197746276855
voyage-code-4@1024,low/small-shared-fragments-large,05,0.6132360696792603
voyage-code-4@1024,low/small-shared-fragments-large,06,0.4581161141395569
voyage-code-4@1024,low/small-shared-fragments-large,07,0.5252511501312256
voyage-code-4@1024,low/small-shared-fragments-large,08,0.527101457118988
voyage-code-4@1024,low/small-shared-fragments-large,09,0.5062352418899536
voyage-code-4@1024,low/small-shared-fragments-large,10,0.5871701240539551
voyage-code-4@1024,low/same-boilerplate,01,0.5297714471817017
voyage-code-4@1024,low/same-boilerplate,02,0.7571176886558533
voyage-code-4@1024,low/same-boilerplate,03,0.8079109787940979
voyage-code-4@1024,low/same-boilerplate,04,0.7577024698257446
voyage-code-4@1024,low/same-boilerplate,05,0.8423928618431091
voyage-code-4@1024,low/same-boilerplate,06,0.8828446865081787
voyage-code-4@1024,low/same-boilerplate,07,0.8694326877593994
voyage-code-4@1024,low/same-boilerplate,08,0.5916998982429504
voyage-code-4@1024,low/same-boilerplate,09,0.62698894739151
voyage-code-4@1024,low/same-boilerplate,10,0.7821202874183655
voyage-code-4@1024,low/code-and-text,01,0.3233396112918854
voyage-code-4@1024,low/code-and-text,02,0.1633763611316681
voyage-code-4@1024,low/code-and-text,03,0.3480183482170105
voyage-code-4@1024,low/code-and-text,04,0.29537779092788696
voyage-code-4@1024,low/code-and-text,05,0.26585009694099426
voyage-code-4@1024,low/code-and-text,06,0.35898810625076294
voyage-code-4@1024,low/code-and-text,07,0.21651671826839447
voyage-code-4@1024,low/code-and-text,08,0.2043122798204422
voyage-code-4@1024,low/code-and-text,09,0.18553374707698822
voyage-code-4@1024,low/code-and-text,10,0.3210020661354065
jina-code-embeddings-0.5b@256|c2cQ,high/exact-copy,01,0.9999880194664001
jina-code-embeddings-0.5b@256|c2cQ,high/exact-copy,02,1.0000001192092896
jina-code-embeddings-0.5b@256|c2cQ,high/exact-copy,03,0.999997079372406
jina-code-embeddings-0.5b@256|c2cQ,high/exact-copy,04,0.9999834895133972
jina-code-embeddings-0.5b@256|c2cQ,high/exact-copy,05,0.9999894499778748
jina-code-embeddings-0.5b@256|c2cQ,high/exact-copy,06,0.9999861717224121
jina-code-embeddings-0.5b@256|c2cQ,high/exact-copy,07,0.9999896287918091
jina-code-embeddings-0.5b@256|c2cQ,high/exact-copy,08,0.9999874234199524
jina-code-embeddings-0.5b@256|c2cQ,high/exact-copy,09,0.9999874234199524
jina-code-embeddings-0.5b@256|c2cQ,high/exact-copy,10,0.9999836683273315
jina-code-embeddings-0.5b@256|c2cQ,high/formatting,01,0.9991734027862549
jina-code-embeddings-0.5b@256|c2cQ,high/formatting,02,0.9939908385276794
jina-code-embeddings-0.5b@256|c2cQ,high/formatting,03,0.9923675060272217
jina-code-embeddings-0.5b@256|c2cQ,high/formatting,04,0.9945818185806274
jina-code-embeddings-0.5b@256|c2cQ,high/formatting,05,0.9950702786445618
jina-code-embeddings-0.5b@256|c2cQ,high/formatting,06,0.9950060844421387
jina-code-embeddings-0.5b@256|c2cQ,high/formatting,07,0.9937288761138916
jina-code-embeddings-0.5b@256|c2cQ,high/formatting,08,0.9962205290794373
jina-code-embeddings-0.5b@256|c2cQ,high/formatting,09,0.9979370832443237
jina-code-embeddings-0.5b@256|c2cQ,high/formatting,10,0.9910823106765747
jina-code-embeddings-0.5b@256|c2cQ,high/lang-similar-syntax,01,0.9205082058906555
jina-code-embeddings-0.5b@256|c2cQ,high/lang-similar-syntax,02,0.9607123136520386
jina-code-embeddings-0.5b@256|c2cQ,high/lang-similar-syntax,03,0.9033827185630798
jina-code-embeddings-0.5b@256|c2cQ,high/lang-similar-syntax,04,0.9557679295539856
jina-code-embeddings-0.5b@256|c2cQ,high/lang-similar-syntax,05,0.9336100816726685
jina-code-embeddings-0.5b@256|c2cQ,high/lang-similar-syntax,06,0.9368649125099182
jina-code-embeddings-0.5b@256|c2cQ,high/lang-similar-syntax,07,0.9417035579681396
jina-code-embeddings-0.5b@256|c2cQ,high/lang-similar-syntax,08,0.8968157768249512
jina-code-embeddings-0.5b@256|c2cQ,high/lang-similar-syntax,09,0.9048863053321838
jina-code-embeddings-0.5b@256|c2cQ,high/lang-similar-syntax,10,0.8866918087005615
jina-code-embeddings-0.5b@256|c2cQ,high/lang-different-syntax,01,0.7993528246879578
jina-code-embeddings-0.5b@256|c2cQ,high/lang-different-syntax,02,0.8919493556022644
jina-code-embeddings-0.5b@256|c2cQ,high/lang-different-syntax,03,0.969565212726593
jina-code-embeddings-0.5b@256|c2cQ,high/lang-different-syntax,04,0.9345808029174805
jina-code-embeddings-0.5b@256|c2cQ,high/lang-different-syntax,05,0.9222812652587891
jina-code-embeddings-0.5b@256|c2cQ,high/lang-different-syntax,06,0.900940477848053
jina-code-embeddings-0.5b@256|c2cQ,high/lang-different-syntax,07,0.9378617405891418
jina-code-embeddings-0.5b@256|c2cQ,high/lang-different-syntax,08,0.8419813513755798
jina-code-embeddings-0.5b@256|c2cQ,high/lang-different-syntax,09,0.9748395085334778
jina-code-embeddings-0.5b@256|c2cQ,high/lang-different-syntax,10,0.9712257385253906
jina-code-embeddings-0.5b@256|c2cQ,high/renamed-identifiers,01,0.8099955320358276
jina-code-embeddings-0.5b@256|c2cQ,high/renamed-identifiers,02,0.6181837916374207
jina-code-embeddings-0.5b@256|c2cQ,high/renamed-identifiers,03,0.8540167808532715
jina-code-embeddings-0.5b@256|c2cQ,high/renamed-identifiers,04,0.5940501689910889
jina-code-embeddings-0.5b@256|c2cQ,high/renamed-identifiers,05,0.7022095322608948
jina-code-embeddings-0.5b@256|c2cQ,high/renamed-identifiers,06,0.7071758508682251
jina-code-embeddings-0.5b@256|c2cQ,high/renamed-identifiers,07,0.6571298837661743
jina-code-embeddings-0.5b@256|c2cQ,high/renamed-identifiers,08,0.5818815231323242
jina-code-embeddings-0.5b@256|c2cQ,high/renamed-identifiers,09,0.8139117956161499
jina-code-embeddings-0.5b@256|c2cQ,high/renamed-identifiers,10,0.930526852607727
jina-code-embeddings-0.5b@256|c2cQ,high/different-literals,01,0.7722245454788208
jina-code-embeddings-0.5b@256|c2cQ,high/different-literals,02,0.7427218556404114
jina-code-embeddings-0.5b@256|c2cQ,high/different-literals,03,0.7664024233818054
jina-code-embeddings-0.5b@256|c2cQ,high/different-literals,04,0.8504785895347595
jina-code-embeddings-0.5b@256|c2cQ,high/different-literals,05,0.907558262348175
jina-code-embeddings-0.5b@256|c2cQ,high/different-literals,06,0.8868327736854553
jina-code-embeddings-0.5b@256|c2cQ,high/different-literals,07,0.9260258078575134
jina-code-embeddings-0.5b@256|c2cQ,high/different-literals,08,0.9729148149490356
jina-code-embeddings-0.5b@256|c2cQ,high/different-literals,09,0.8476771116256714
jina-code-embeddings-0.5b@256|c2cQ,high/different-literals,10,0.8414046168327332
jina-code-embeddings-0.5b@256|c2cQ,high/reordered-statements,01,0.9709124565124512
jina-code-embeddings-0.5b@256|c2cQ,high/reordered-statements,02,0.9483694434165955
jina-code-embeddings-0.5b@256|c2cQ,high/reordered-statements,03,0.9637259840965271
jina-code-embeddings-0.5b@256|c2cQ,high/reordered-statements,04,0.9663582444190979
jina-code-embeddings-0.5b@256|c2cQ,high/reordered-statements,05,0.9562130570411682
jina-code-embeddings-0.5b@256|c2cQ,high/reordered-statements,06,0.9664521217346191
jina-code-embeddings-0.5b@256|c2cQ,high/reordered-statements,07,0.9365578293800354
jina-code-embeddings-0.5b@256|c2cQ,high/reordered-statements,08,0.935820996761322
jina-code-embeddings-0.5b@256|c2cQ,high/reordered-statements,09,0.9936317801475525
jina-code-embeddings-0.5b@256|c2cQ,high/reordered-statements,10,0.9449948668479919
jina-code-embeddings-0.5b@256|c2cQ,high/refactored-structure,01,0.9827713966369629
jina-code-embeddings-0.5b@256|c2cQ,high/refactored-structure,02,0.9685215353965759
jina-code-embeddings-0.5b@256|c2cQ,high/refactored-structure,03,0.9470881819725037
jina-code-embeddings-0.5b@256|c2cQ,high/refactored-structure,04,0.9923173189163208
jina-code-embeddings-0.5b@256|c2cQ,high/refactored-structure,05,0.9540135860443115
jina-code-embeddings-0.5b@256|c2cQ,high/refactored-structure,06,0.9915251731872559
jina-code-embeddings-0.5b@256|c2cQ,high/refactored-structure,07,0.8320155739784241
jina-code-embeddings-0.5b@256|c2cQ,high/refactored-structure,08,0.9622949957847595
jina-code-embeddings-0.5b@256|c2cQ,high/refactored-structure,09,0.9636135101318359
jina-code-embeddings-0.5b@256|c2cQ,high/refactored-structure,10,0.9703048467636108
jina-code-embeddings-0.5b@256|c2cQ,high/small-addition,01,0.9832371473312378
jina-code-embeddings-0.5b@256|c2cQ,high/small-addition,02,0.9934850335121155
jina-code-embeddings-0.5b@256|c2cQ,high/small-addition,03,0.9632735252380371
jina-code-embeddings-0.5b@256|c2cQ,high/small-addition,04,0.9363009333610535
jina-code-embeddings-0.5b@256|c2cQ,high/small-addition,05,0.8694007992744446
jina-code-embeddings-0.5b@256|c2cQ,high/small-addition,06,0.9533014297485352
jina-code-embeddings-0.5b@256|c2cQ,high/small-addition,07,0.9987634420394897
jina-code-embeddings-0.5b@256|c2cQ,high/small-addition,08,0.9975676536560059
jina-code-embeddings-0.5b@256|c2cQ,high/small-addition,09,0.9297351837158203
jina-code-embeddings-0.5b@256|c2cQ,high/small-addition,10,0.9627341628074646
jina-code-embeddings-0.5b@256|c2cQ,high/small-additions-large,01,0.9914376735687256
jina-code-embeddings-0.5b@256|c2cQ,high/small-additions-large,02,0.9960817098617554
jina-code-embeddings-0.5b@256|c2cQ,high/small-additions-large,03,0.9899121522903442
jina-code-embeddings-0.5b@256|c2cQ,high/small-additions-large,04,0.9608981609344482
jina-code-embeddings-0.5b@256|c2cQ,high/small-additions-large,05,0.9959183931350708
jina-code-embeddings-0.5b@256|c2cQ,high/small-additions-large,06,0.9900273084640503
jina-code-embeddings-0.5b@256|c2cQ,high/small-additions-large,07,0.9902979135513306
jina-code-embeddings-0.5b@256|c2cQ,high/small-additions-large,08,0.9903831481933594
jina-code-embeddings-0.5b@256|c2cQ,high/small-additions-large,09,0.9957804083824158
jina-code-embeddings-0.5b@256|c2cQ,high/small-additions-large,10,0.9898496866226196
jina-code-embeddings-0.5b@256|c2cQ,high/different-algorithm,01,0.6871403455734253
jina-code-embeddings-0.5b@256|c2cQ,high/different-algorithm,02,0.6572471261024475
jina-code-embeddings-0.5b@256|c2cQ,high/different-algorithm,03,0.5495372414588928
jina-code-embeddings-0.5b@256|c2cQ,high/different-algorithm,04,0.6196704506874084
jina-code-embeddings-0.5b@256|c2cQ,high/different-algorithm,05,0.7823418378829956
jina-code-embeddings-0.5b@256|c2cQ,high/different-algorithm,06,0.6296535730361938
jina-code-embeddings-0.5b@256|c2cQ,high/different-algorithm,07,0.6751385927200317
jina-code-embeddings-0.5b@256|c2cQ,high/different-algorithm,08,0.5278612971305847
jina-code-embeddings-0.5b@256|c2cQ,high/different-algorithm,09,0.7485989332199097
jina-code-embeddings-0.5b@256|c2cQ,high/different-algorithm,10,0.6896987557411194
jina-code-embeddings-0.5b@256|c2cQ,high/transpiled,01,0.9722640514373779
jina-code-embeddings-0.5b@256|c2cQ,high/transpiled,02,0.9655067920684814
jina-code-embeddings-0.5b@256|c2cQ,high/transpiled,03,0.8566141128540039
jina-code-embeddings-0.5b@256|c2cQ,high/transpiled,04,0.9844755530357361
jina-code-embeddings-0.5b@256|c2cQ,high/transpiled,05,0.9175885319709778
jina-code-embeddings-0.5b@256|c2cQ,high/transpiled,06,0.9656569957733154
jina-code-embeddings-0.5b@256|c2cQ,high/transpiled,07,0.9341724514961243
jina-code-embeddings-0.5b@256|c2cQ,high/transpiled,08,0.9471372365951538
jina-code-embeddings-0.5b@256|c2cQ,high/transpiled,09,0.9154428243637085
jina-code-embeddings-0.5b@256|c2cQ,high/transpiled,10,0.933567464351654
jina-code-embeddings-0.5b@256|c2cQ,high/code-and-text,01,0.651252806186676
jina-code-embeddings-0.5b@256|c2cQ,high/code-and-text,02,0.5718503594398499
jina-code-embeddings-0.5b@256|c2cQ,high/code-and-text,03,0.5379430055618286
jina-code-embeddings-0.5b@256|c2cQ,high/code-and-text,04,0.6104779243469238
jina-code-embeddings-0.5b@256|c2cQ,high/code-and-text,05,0.5474405884742737
jina-code-embeddings-0.5b@256|c2cQ,high/code-and-text,06,0.5886248350143433
jina-code-embeddings-0.5b@256|c2cQ,high/code-and-text,07,0.5506436228752136
jina-code-embeddings-0.5b@256|c2cQ,high/code-and-text,08,0.6374574899673462
jina-code-embeddings-0.5b@256|c2cQ,high/code-and-text,09,0.3699319362640381
jina-code-embeddings-0.5b@256|c2cQ,high/code-and-text,10,0.5089526176452637
jina-code-embeddings-0.5b@256|c2cQ,low/unrelated,01,-0.08793950825929642
jina-code-embeddings-0.5b@256|c2cQ,low/unrelated,02,0.1562192589044571
jina-code-embeddings-0.5b@256|c2cQ,low/unrelated,03,0.10268807411193848
jina-code-embeddings-0.5b@256|c2cQ,low/unrelated,04,0.21472486853599548
jina-code-embeddings-0.5b@256|c2cQ,low/unrelated,05,0.1453438252210617
jina-code-embeddings-0.5b@256|c2cQ,low/unrelated,06,-0.04035375267267227
jina-code-embeddings-0.5b@256|c2cQ,low/unrelated,07,0.013982103206217289
jina-code-embeddings-0.5b@256|c2cQ,low/unrelated,08,0.0273112915456295
jina-code-embeddings-0.5b@256|c2cQ,low/unrelated,09,0.062086138874292374
jina-code-embeddings-0.5b@256|c2cQ,low/unrelated,10,0.19545207917690277
jina-code-embeddings-0.5b@256|c2cQ,low/same-identifiers,01,0.5649068355560303
jina-code-embeddings-0.5b@256|c2cQ,low/same-identifiers,02,0.6484777331352234
jina-code-embeddings-0.5b@256|c2cQ,low/same-identifiers,03,0.4733307957649231
jina-code-embeddings-0.5b@256|c2cQ,low/same-identifiers,04,0.598330557346344
jina-code-embeddings-0.5b@256|c2cQ,low/same-identifiers,05,0.8162923455238342
jina-code-embeddings-0.5b@256|c2cQ,low/same-identifiers,06,0.8007493615150452
jina-code-embeddings-0.5b@256|c2cQ,low/same-identifiers,07,0.7422205805778503
jina-code-embeddings-0.5b@256|c2cQ,low/same-identifiers,08,0.6838027238845825
jina-code-embeddings-0.5b@256|c2cQ,low/same-identifiers,09,0.8290281295776367
jina-code-embeddings-0.5b@256|c2cQ,low/same-identifiers,10,0.8798618912696838
jina-code-embeddings-0.5b@256|c2cQ,low/small-shared-fragment,01,-0.060672786086797714
jina-code-embeddings-0.5b@256|c2cQ,low/small-shared-fragment,02,0.12204407155513763
jina-code-embeddings-0.5b@256|c2cQ,low/small-shared-fragment,03,0.31404462456703186
jina-code-embeddings-0.5b@256|c2cQ,low/small-shared-fragment,04,-0.013062778860330582
jina-code-embeddings-0.5b@256|c2cQ,low/small-shared-fragment,05,0.04888329654932022
jina-code-embeddings-0.5b@256|c2cQ,low/small-shared-fragment,06,0.17610548436641693
jina-code-embeddings-0.5b@256|c2cQ,low/small-shared-fragment,07,0.008942481130361557
jina-code-embeddings-0.5b@256|c2cQ,low/small-shared-fragment,08,0.3738160729408264
jina-code-embeddings-0.5b@256|c2cQ,low/small-shared-fragment,09,0.12944528460502625
jina-code-embeddings-0.5b@256|c2cQ,low/small-shared-fragment,10,0.08176825195550919
jina-code-embeddings-0.5b@256|c2cQ,low/small-shared-fragments-large,01,0.34653863310813904
jina-code-embeddings-0.5b@256|c2cQ,low/small-shared-fragments-large,02,0.2553982436656952
jina-code-embeddings-0.5b@256|c2cQ,low/small-shared-fragments-large,03,0.23962858319282532
jina-code-embeddings-0.5b@256|c2cQ,low/small-shared-fragments-large,04,0.3051883578300476
jina-code-embeddings-0.5b@256|c2cQ,low/small-shared-fragments-large,05,0.49466845393180847
jina-code-embeddings-0.5b@256|c2cQ,low/small-shared-fragments-large,06,0.2148974984884262
jina-code-embeddings-0.5b@256|c2cQ,low/small-shared-fragments-large,07,0.3771817684173584
jina-code-embeddings-0.5b@256|c2cQ,low/small-shared-fragments-large,08,0.361479252576828
jina-code-embeddings-0.5b@256|c2cQ,low/small-shared-fragments-large,09,0.416769415140152
jina-code-embeddings-0.5b@256|c2cQ,low/small-shared-fragments-large,10,0.4512667655944824
jina-code-embeddings-0.5b@256|c2cQ,low/same-boilerplate,01,0.2341618835926056
jina-code-embeddings-0.5b@256|c2cQ,low/same-boilerplate,02,0.24365288019180298
jina-code-embeddings-0.5b@256|c2cQ,low/same-boilerplate,03,0.4636882543563843
jina-code-embeddings-0.5b@256|c2cQ,low/same-boilerplate,04,0.21994052827358246
jina-code-embeddings-0.5b@256|c2cQ,low/same-boilerplate,05,0.3818152844905853
jina-code-embeddings-0.5b@256|c2cQ,low/same-boilerplate,06,0.3330736458301544
jina-code-embeddings-0.5b@256|c2cQ,low/same-boilerplate,07,0.3042234480381012
jina-code-embeddings-0.5b@256|c2cQ,low/same-boilerplate,08,0.37518641352653503
jina-code-embeddings-0.5b@256|c2cQ,low/same-boilerplate,09,0.06323713064193726
jina-code-embeddings-0.5b@256|c2cQ,low/same-boilerplate,10,0.19683492183685303
jina-code-embeddings-0.5b@256|c2cQ,low/code-and-text,01,0.15855856239795685
jina-code-embeddings-0.5b@256|c2cQ,low/code-and-text,02,0.10202421247959137
jina-code-embeddings-0.5b@256|c2cQ,low/code-and-text,03,0.141055628657341
jina-code-embeddings-0.5b@256|c2cQ,low/code-and-text,04,0.11706152558326721
jina-code-embeddings-0.5b@256|c2cQ,low/code-and-text,05,-0.06645558029413223
jina-code-embeddings-0.5b@256|c2cQ,low/code-and-text,06,0.03647872805595398
jina-code-embeddings-0.5b@256|c2cQ,low/code-and-text,07,0.06632640957832336
jina-code-embeddings-0.5b@256|c2cQ,low/code-and-text,08,0.09258756041526794
jina-code-embeddings-0.5b@256|c2cQ,low/code-and-text,09,-0.05418558791279793
jina-code-embeddings-0.5b@256|c2cQ,low/code-and-text,10,0.09054499864578247
jina-code-embeddings-0.5b@256|c2cP,high/exact-copy,01,0.9999925494194031
jina-code-embeddings-0.5b@256|c2cP,high/exact-copy,02,0.9999803900718689
jina-code-embeddings-0.5b@256|c2cP,high/exact-copy,03,0.9999886155128479
jina-code-embeddings-0.5b@256|c2cP,high/exact-copy,04,0.999991238117218
jina-code-embeddings-0.5b@256|c2cP,high/exact-copy,05,0.9999943375587463
jina-code-embeddings-0.5b@256|c2cP,high/exact-copy,06,0.9999894499778748
jina-code-embeddings-0.5b@256|c2cP,high/exact-copy,07,0.9999916553497314
jina-code-embeddings-0.5b@256|c2cP,high/exact-copy,08,0.9999865889549255
jina-code-embeddings-0.5b@256|c2cP,high/exact-copy,09,0.9999850392341614
jina-code-embeddings-0.5b@256|c2cP,high/exact-copy,10,0.9999880194664001
jina-code-embeddings-0.5b@256|c2cP,high/formatting,01,0.9990129470825195
jina-code-embeddings-0.5b@256|c2cP,high/formatting,02,0.9925867915153503
jina-code-embeddings-0.5b@256|c2cP,high/formatting,03,0.9934109449386597
jina-code-embeddings-0.5b@256|c2cP,high/formatting,04,0.9960566163063049
jina-code-embeddings-0.5b@256|c2cP,high/formatting,05,0.995236337184906
jina-code-embeddings-0.5b@256|c2cP,high/formatting,06,0.9923703074455261
jina-code-embeddings-0.5b@256|c2cP,high/formatting,07,0.9909574389457703
jina-code-embeddings-0.5b@256|c2cP,high/formatting,08,0.9963763356208801
jina-code-embeddings-0.5b@256|c2cP,high/formatting,09,0.9975813627243042
jina-code-embeddings-0.5b@256|c2cP,high/formatting,10,0.988478422164917
jina-code-embeddings-0.5b@256|c2cP,high/lang-similar-syntax,01,0.9407870769500732
jina-code-embeddings-0.5b@256|c2cP,high/lang-similar-syntax,02,0.9655750393867493
jina-code-embeddings-0.5b@256|c2cP,high/lang-similar-syntax,03,0.9377068281173706
jina-code-embeddings-0.5b@256|c2cP,high/lang-similar-syntax,04,0.9478224515914917
jina-code-embeddings-0.5b@256|c2cP,high/lang-similar-syntax,05,0.9421815276145935
jina-code-embeddings-0.5b@256|c2cP,high/lang-similar-syntax,06,0.9508066773414612
jina-code-embeddings-0.5b@256|c2cP,high/lang-similar-syntax,07,0.9185072183609009
jina-code-embeddings-0.5b@256|c2cP,high/lang-similar-syntax,08,0.9137276411056519
jina-code-embeddings-0.5b@256|c2cP,high/lang-similar-syntax,09,0.9159233570098877
jina-code-embeddings-0.5b@256|c2cP,high/lang-similar-syntax,10,0.8868665099143982
jina-code-embeddings-0.5b@256|c2cP,high/lang-different-syntax,01,0.7624876499176025
jina-code-embeddings-0.5b@256|c2cP,high/lang-different-syntax,02,0.8577723503112793
jina-code-embeddings-0.5b@256|c2cP,high/lang-different-syntax,03,0.9705135226249695
jina-code-embeddings-0.5b@256|c2cP,high/lang-different-syntax,04,0.9097455739974976
jina-code-embeddings-0.5b@256|c2cP,high/lang-different-syntax,05,0.8284270763397217
jina-code-embeddings-0.5b@256|c2cP,high/lang-different-syntax,06,0.9016251564025879
jina-code-embeddings-0.5b@256|c2cP,high/lang-different-syntax,07,0.9149746894836426
jina-code-embeddings-0.5b@256|c2cP,high/lang-different-syntax,08,0.8174707889556885
jina-code-embeddings-0.5b@256|c2cP,high/lang-different-syntax,09,0.974318265914917
jina-code-embeddings-0.5b@256|c2cP,high/lang-different-syntax,10,0.973703920841217
jina-code-embeddings-0.5b@256|c2cP,high/renamed-identifiers,01,0.8156026005744934
jina-code-embeddings-0.5b@256|c2cP,high/renamed-identifiers,02,0.6159762740135193
jina-code-embeddings-0.5b@256|c2cP,high/renamed-identifiers,03,0.8293773531913757
jina-code-embeddings-0.5b@256|c2cP,high/renamed-identifiers,04,0.6201432347297668
jina-code-embeddings-0.5b@256|c2cP,high/renamed-identifiers,05,0.6983839869499207
jina-code-embeddings-0.5b@256|c2cP,high/renamed-identifiers,06,0.6783644556999207
jina-code-embeddings-0.5b@256|c2cP,high/renamed-identifiers,07,0.6302220821380615
jina-code-embeddings-0.5b@256|c2cP,high/renamed-identifiers,08,0.5730262398719788
jina-code-embeddings-0.5b@256|c2cP,high/renamed-identifiers,09,0.7240424156188965
jina-code-embeddings-0.5b@256|c2cP,high/renamed-identifiers,10,0.9232653379440308
jina-code-embeddings-0.5b@256|c2cP,high/different-literals,01,0.8296190500259399
jina-code-embeddings-0.5b@256|c2cP,high/different-literals,02,0.8268298506736755
jina-code-embeddings-0.5b@256|c2cP,high/different-literals,03,0.8782824277877808
jina-code-embeddings-0.5b@256|c2cP,high/different-literals,04,0.9496752023696899
jina-code-embeddings-0.5b@256|c2cP,high/different-literals,05,0.9344867467880249
jina-code-embeddings-0.5b@256|c2cP,high/different-literals,06,0.9559840559959412
jina-code-embeddings-0.5b@256|c2cP,high/different-literals,07,0.9442657828330994
jina-code-embeddings-0.5b@256|c2cP,high/different-literals,08,0.9773743748664856
jina-code-embeddings-0.5b@256|c2cP,high/different-literals,09,0.9088141918182373
jina-code-embeddings-0.5b@256|c2cP,high/different-literals,10,0.9164403080940247
jina-code-embeddings-0.5b@256|c2cP,high/reordered-statements,01,0.9773511290550232
jina-code-embeddings-0.5b@256|c2cP,high/reordered-statements,02,0.9518155455589294
jina-code-embeddings-0.5b@256|c2cP,high/reordered-statements,03,0.9725672006607056
jina-code-embeddings-0.5b@256|c2cP,high/reordered-statements,04,0.9780012369155884
jina-code-embeddings-0.5b@256|c2cP,high/reordered-statements,05,0.9612405896186829
jina-code-embeddings-0.5b@256|c2cP,high/reordered-statements,06,0.9831770062446594
jina-code-embeddings-0.5b@256|c2cP,high/reordered-statements,07,0.920793354511261
jina-code-embeddings-0.5b@256|c2cP,high/reordered-statements,08,0.9632460474967957
jina-code-embeddings-0.5b@256|c2cP,high/reordered-statements,09,0.9957752823829651
jina-code-embeddings-0.5b@256|c2cP,high/reordered-statements,10,0.9361096620559692
jina-code-embeddings-0.5b@256|c2cP,high/refactored-structure,01,0.9862241744995117
jina-code-embeddings-0.5b@256|c2cP,high/refactored-structure,02,0.9722451567649841
jina-code-embeddings-0.5b@256|c2cP,high/refactored-structure,03,0.9486887454986572
jina-code-embeddings-0.5b@256|c2cP,high/refactored-structure,04,0.9942131638526917
jina-code-embeddings-0.5b@256|c2cP,high/refactored-structure,05,0.9637532234191895
jina-code-embeddings-0.5b@256|c2cP,high/refactored-structure,06,0.9916472434997559
jina-code-embeddings-0.5b@256|c2cP,high/refactored-structure,07,0.8276560306549072
jina-code-embeddings-0.5b@256|c2cP,high/refactored-structure,08,0.9702237844467163
jina-code-embeddings-0.5b@256|c2cP,high/refactored-structure,09,0.9759544730186462
jina-code-embeddings-0.5b@256|c2cP,high/refactored-structure,10,0.9621570110321045
jina-code-embeddings-0.5b@256|c2cP,high/small-addition,01,0.9891291260719299
jina-code-embeddings-0.5b@256|c2cP,high/small-addition,02,0.996020495891571
jina-code-embeddings-0.5b@256|c2cP,high/small-addition,03,0.9797139763832092
jina-code-embeddings-0.5b@256|c2cP,high/small-addition,04,0.9647080302238464
jina-code-embeddings-0.5b@256|c2cP,high/small-addition,05,0.8867404460906982
jina-code-embeddings-0.5b@256|c2cP,high/small-addition,06,0.9683184623718262
jina-code-embeddings-0.5b@256|c2cP,high/small-addition,07,0.9989451169967651
jina-code-embeddings-0.5b@256|c2cP,high/small-addition,08,0.9984176158905029
jina-code-embeddings-0.5b@256|c2cP,high/small-addition,09,0.9408820271492004
jina-code-embeddings-0.5b@256|c2cP,high/small-addition,10,0.9814613461494446
jina-code-embeddings-0.5b@256|c2cP,high/small-additions-large,01,0.9923204779624939
jina-code-embeddings-0.5b@256|c2cP,high/small-additions-large,02,0.9974434971809387
jina-code-embeddings-0.5b@256|c2cP,high/small-additions-large,03,0.9923319220542908
jina-code-embeddings-0.5b@256|c2cP,high/small-additions-large,04,0.9810718297958374
jina-code-embeddings-0.5b@256|c2cP,high/small-additions-large,05,0.9975593090057373
jina-code-embeddings-0.5b@256|c2cP,high/small-additions-large,06,0.994737982749939
jina-code-embeddings-0.5b@256|c2cP,high/small-additions-large,07,0.992255687713623
jina-code-embeddings-0.5b@256|c2cP,high/small-additions-large,08,0.9944826364517212
jina-code-embeddings-0.5b@256|c2cP,high/small-additions-large,09,0.9979250431060791
jina-code-embeddings-0.5b@256|c2cP,high/small-additions-large,10,0.9912456274032593
jina-code-embeddings-0.5b@256|c2cP,high/different-algorithm,01,0.6772675514221191
jina-code-embeddings-0.5b@256|c2cP,high/different-algorithm,02,0.6857617497444153
jina-code-embeddings-0.5b@256|c2cP,high/different-algorithm,03,0.5537897348403931
jina-code-embeddings-0.5b@256|c2cP,high/different-algorithm,04,0.6253588199615479
jina-code-embeddings-0.5b@256|c2cP,high/different-algorithm,05,0.8031254410743713
jina-code-embeddings-0.5b@256|c2cP,high/different-algorithm,06,0.6885119080543518
jina-code-embeddings-0.5b@256|c2cP,high/different-algorithm,07,0.708159863948822
jina-code-embeddings-0.5b@256|c2cP,high/different-algorithm,08,0.5701011419296265
jina-code-embeddings-0.5b@256|c2cP,high/different-algorithm,09,0.7341564893722534
jina-code-embeddings-0.5b@256|c2cP,high/different-algorithm,10,0.6790280938148499
jina-code-embeddings-0.5b@256|c2cP,high/transpiled,01,0.9666894674301147
jina-code-embeddings-0.5b@256|c2cP,high/transpiled,02,0.9553767442703247
jina-code-embeddings-0.5b@256|c2cP,high/transpiled,03,0.8616175651550293
jina-code-embeddings-0.5b@256|c2cP,high/transpiled,04,0.9840302467346191
jina-code-embeddings-0.5b@256|c2cP,high/transpiled,05,0.9303390383720398
jina-code-embeddings-0.5b@256|c2cP,high/transpiled,06,0.9684650301933289
jina-code-embeddings-0.5b@256|c2cP,high/transpiled,07,0.9595401287078857
jina-code-embeddings-0.5b@256|c2cP,high/transpiled,08,0.9380308389663696
jina-code-embeddings-0.5b@256|c2cP,high/transpiled,09,0.9318121671676636
jina-code-embeddings-0.5b@256|c2cP,high/transpiled,10,0.9493492245674133
jina-code-embeddings-0.5b@256|c2cP,high/code-and-text,01,0.6540980339050293
jina-code-embeddings-0.5b@256|c2cP,high/code-and-text,02,0.5839488506317139
jina-code-embeddings-0.5b@256|c2cP,high/code-and-text,03,0.5178949236869812
jina-code-embeddings-0.5b@256|c2cP,high/code-and-text,04,0.6461755037307739
jina-code-embeddings-0.5b@256|c2cP,high/code-and-text,05,0.5998178720474243
jina-code-embeddings-0.5b@256|c2cP,high/code-and-text,06,0.5864659547805786
jina-code-embeddings-0.5b@256|c2cP,high/code-and-text,07,0.527764618396759
jina-code-embeddings-0.5b@256|c2cP,high/code-and-text,08,0.6199918389320374
jina-code-embeddings-0.5b@256|c2cP,high/code-and-text,09,0.42331284284591675
jina-code-embeddings-0.5b@256|c2cP,high/code-and-text,10,0.4784640669822693
jina-code-embeddings-0.5b@256|c2cP,low/unrelated,01,-0.09186846762895584
jina-code-embeddings-0.5b@256|c2cP,low/unrelated,02,0.20870564877986908
jina-code-embeddings-0.5b@256|c2cP,low/unrelated,03,0.14041902124881744
jina-code-embeddings-0.5b@256|c2cP,low/unrelated,04,0.21980592608451843
jina-code-embeddings-0.5b@256|c2cP,low/unrelated,05,0.1800999641418457
jina-code-embeddings-0.5b@256|c2cP,low/unrelated,06,-0.032387398183345795
jina-code-embeddings-0.5b@256|c2cP,low/unrelated,07,0.07649068534374237
jina-code-embeddings-0.5b@256|c2cP,low/unrelated,08,0.02237667329609394
jina-code-embeddings-0.5b@256|c2cP,low/unrelated,09,0.1543104499578476
jina-code-embeddings-0.5b@256|c2cP,low/unrelated,10,0.20950090885162354
jina-code-embeddings-0.5b@256|c2cP,low/same-identifiers,01,0.6731558442115784
jina-code-embeddings-0.5b@256|c2cP,low/same-identifiers,02,0.7601010799407959
jina-code-embeddings-0.5b@256|c2cP,low/same-identifiers,03,0.6691635847091675
jina-code-embeddings-0.5b@256|c2cP,low/same-identifiers,04,0.7938170433044434
jina-code-embeddings-0.5b@256|c2cP,low/same-identifiers,05,0.8519582748413086
jina-code-embeddings-0.5b@256|c2cP,low/same-identifiers,06,0.8426440358161926
jina-code-embeddings-0.5b@256|c2cP,low/same-identifiers,07,0.7811980843544006
jina-code-embeddings-0.5b@256|c2cP,low/same-identifiers,08,0.7711164355278015
jina-code-embeddings-0.5b@256|c2cP,low/same-identifiers,09,0.8652486801147461
jina-code-embeddings-0.5b@256|c2cP,low/same-identifiers,10,0.8947843313217163
jina-code-embeddings-0.5b@256|c2cP,low/small-shared-fragment,01,0.024483950808644295
jina-code-embeddings-0.5b@256|c2cP,low/small-shared-fragment,02,0.1664259135723114
jina-code-embeddings-0.5b@256|c2cP,low/small-shared-fragment,03,0.38140222430229187
jina-code-embeddings-0.5b@256|c2cP,low/small-shared-fragment,04,0.048354413360357285
jina-code-embeddings-0.5b@256|c2cP,low/small-shared-fragment,05,0.14547224342823029
jina-code-embeddings-0.5b@256|c2cP,low/small-shared-fragment,06,0.2287379503250122
jina-code-embeddings-0.5b@256|c2cP,low/small-shared-fragment,07,0.035723961889743805
jina-code-embeddings-0.5b@256|c2cP,low/small-shared-fragment,08,0.4002703130245209
jina-code-embeddings-0.5b@256|c2cP,low/small-shared-fragment,09,0.14921432733535767
jina-code-embeddings-0.5b@256|c2cP,low/small-shared-fragment,10,0.15696151554584503
jina-code-embeddings-0.5b@256|c2cP,low/small-shared-fragments-large,01,0.37958598136901855
jina-code-embeddings-0.5b@256|c2cP,low/small-shared-fragments-large,02,0.28446683287620544
jina-code-embeddings-0.5b@256|c2cP,low/small-shared-fragments-large,03,0.274066686630249
jina-code-embeddings-0.5b@256|c2cP,low/small-shared-fragments-large,04,0.32565099000930786
jina-code-embeddings-0.5b@256|c2cP,low/small-shared-fragments-large,05,0.5135778188705444
jina-code-embeddings-0.5b@256|c2cP,low/small-shared-fragments-large,06,0.2867409884929657
jina-code-embeddings-0.5b@256|c2cP,low/small-shared-fragments-large,07,0.425748735666275
jina-code-embeddings-0.5b@256|c2cP,low/small-shared-fragments-large,08,0.40610271692276
jina-code-embeddings-0.5b@256|c2cP,low/small-shared-fragments-large,09,0.5171108841896057
jina-code-embeddings-0.5b@256|c2cP,low/small-shared-fragments-large,10,0.5303054451942444
jina-code-embeddings-0.5b@256|c2cP,low/same-boilerplate,01,0.32566484808921814
jina-code-embeddings-0.5b@256|c2cP,low/same-boilerplate,02,0.4082159996032715
jina-code-embeddings-0.5b@256|c2cP,low/same-boilerplate,03,0.5711076855659485
jina-code-embeddings-0.5b@256|c2cP,low/same-boilerplate,04,0.29948630928993225
jina-code-embeddings-0.5b@256|c2cP,low/same-boilerplate,05,0.44157442450523376
jina-code-embeddings-0.5b@256|c2cP,low/same-boilerplate,06,0.42321205139160156
jina-code-embeddings-0.5b@256|c2cP,low/same-boilerplate,07,0.39029476046562195
jina-code-embeddings-0.5b@256|c2cP,low/same-boilerplate,08,0.3951892852783203
jina-code-embeddings-0.5b@256|c2cP,low/same-boilerplate,09,0.1379244178533554
jina-code-embeddings-0.5b@256|c2cP,low/same-boilerplate,10,0.25484323501586914
jina-code-embeddings-0.5b@256|c2cP,low/code-and-text,01,0.20033587515354156
jina-code-embeddings-0.5b@256|c2cP,low/code-and-text,02,0.11442878842353821
jina-code-embeddings-0.5b@256|c2cP,low/code-and-text,03,0.14030693471431732
jina-code-embeddings-0.5b@256|c2cP,low/code-and-text,04,0.16605429351329803
jina-code-embeddings-0.5b@256|c2cP,low/code-and-text,05,-0.0029724985361099243
jina-code-embeddings-0.5b@256|c2cP,low/code-and-text,06,0.042150627821683884
jina-code-embeddings-0.5b@256|c2cP,low/code-and-text,07,0.11571260541677475
jina-code-embeddings-0.5b@256|c2cP,low/code-and-text,08,0.12451138347387314
jina-code-embeddings-0.5b@256|c2cP,low/code-and-text,09,-0.03079879842698574
jina-code-embeddings-0.5b@256|c2cP,low/code-and-text,10,0.15058034658432007
